Arm,Start,Stop,cM_F12,perbasepair_F12,cM_F13,perbasepair_F13
ChrX,1,100000,0,7.33E-10,0,8.00E-10
ChrX,100001,200000,0.00007333333333,7.33E-10,0.00008,8.00E-10
ChrX,200001,300000,0.0001466666667,7.33E-10,0.00016,8.00E-10
ChrX,300001,400000,0.00022,7.33E-10,0.00024,8.00E-10
ChrX,400001,500000,0.0002933333333,7.33E-10,0.00032,8.00E-10
ChrX,500001,600000,0.0003666666667,7.33E-10,0.0004,8.00E-10
ChrX,600001,700000,0.00044,7.33E-10,0.00048,8.00E-10
ChrX,700001,800000,0.0005133333333,7.33E-10,0.00056,8.00E-10
ChrX,800001,900000,0.0005866666667,7.33E-10,0.00064,8.00E-10
ChrX,900001,1000000,0.00066,2.65E-06,0.00072,2.89E-06
ChrX,1000001,1100000,0.265885067,2.65E-06,0.2900564368,2.89E-06
ChrX,1100001,1200000,0.5311101341,2.65E-06,0.5793928736,2.89E-06
ChrX,1200001,1300000,0.7963352011,7.33E-10,0.8687293103,8.00E-10
ChrX,1300001,1400000,0.7964085345,2.65E-06,0.8688093103,2.89E-06
ChrX,1400001,1500000,1.061633602,6.63E-07,1.158145747,7.23E-07
ChrX,1500001,1600000,1.127939868,7.33E-10,1.230479856,8.00E-10
ChrX,1600001,1700000,1.128013202,1.33E-06,1.230559856,1.45E-06
ChrX,1700001,1800000,1.260625735,7.33E-10,1.375228075,8.00E-10
ChrX,1800001,1900000,1.260699068,1.33E-06,1.375308075,1.45E-06
ChrX,1900001,2000000,1.393311602,7.33E-10,1.519976293,8.00E-10
ChrX,2000001,2100000,1.393384935,1.99E-06,1.520056293,2.17E-06
ChrX,2100001,2200000,1.592303736,6.63E-06,1.737058621,7.23E-06
ChrX,2200001,2300000,2.255366403,1.92E-05,2.460399713,2.10E-05
ChrX,2300001,2400000,4.178248139,2.92E-05,4.558088879,3.18E-05
ChrX,2400001,2500000,7.095723877,1.53E-05,7.740789684,1.66E-05
ChrX,2500001,2600000,8.620768012,1.92E-05,9.404474195,2.10E-05
ChrX,2600001,2700000,10.54364975,1.59E-05,11.50216336,1.74E-05
ChrX,2700001,2800000,12.13500015,1.39E-05,13.23818198,1.52E-05
ChrX,2800001,2900000,13.52743175,2.32E-05,14.75719828,2.53E-05
ChrX,2900001,3000000,15.84815109,2.52E-05,17.2888921,2.75E-05
ChrX,3000001,3100000,18.36778923,1.72E-05,20.03758825,1.88E-05
ChrX,3100001,3200000,20.09175216,2.52E-05,21.91827509,2.75E-05
ChrX,3200001,3300000,22.6113903,5.50E-05,24.66697124,6.00E-05
ChrX,3300001,3400000,28.11481044,7.96E-06,30.6707023,8.68E-06
ChrX,3400001,3500000,28.91048564,2.32E-05,31.53871161,2.53E-05
ChrX,3500001,3600000,31.23120498,1.99E-05,34.07040543,2.17E-05
ChrX,3600001,3700000,33.22039298,7.29E-06,36.24042871,7.96E-06
ChrX,3700001,3800000,33.94976192,4.64E-05,37.03610391,5.06E-05
ChrX,3800001,3900000,38.59120059,4.11E-05,42.09949155,4.48E-05
ChrX,3900001,4000000,42.70218913,1.13E-05,46.58420632,1.23E-05
ChrX,4000001,4100000,43.82939566,3.65E-05,47.81388618,3.98E-05
ChrX,4100001,4200000,47.47624034,9.28E-06,51.79226218,1.01E-05
ChrX,4200001,4300000,48.40452807,2.19E-05,52.80493971,2.39E-05
ChrX,4300001,4400000,50.59263487,2.39E-05,55.19196532,2.60E-05
ChrX,4400001,4500000,52.97966048,2.78E-05,57.79599325,3.04E-05
ChrX,4500001,4600000,55.76452368,6.90E-05,60.83402583,7.52E-05
ChrX,4600001,4700000,62.66037542,4.44E-05,68.35677319,4.85E-05
ChrX,4700001,4800000,67.1028953,3.85E-05,73.20315851,4.20E-05
ChrX,4800001,4900000,70.94865877,4.84E-05,77.39853684,5.28E-05
ChrX,4900001,5000000,75.78901624,1.06E-04,82.67892681,1.16E-04
ChrX,5000001,5100000,86.39801892,4.64E-05,94.25238428,5.06E-05
ChrX,5100001,5200000,91.0394576,7.23E-05,99.31577193,7.88E-05
ChrX,5200001,5300000,98.26684068,3.51E-05,107.2001898,3.83E-05
ChrX,5300001,5400000,101.7810728,1.46E-05,111.0338976,1.59E-05
ChrX,5400001,5500000,103.2398107,2.39E-05,112.625248,2.60E-05
ChrX,5500001,5600000,105.6268363,3.98E-05,115.2292759,4.34E-05
ChrX,5600001,5700000,109.6052123,3.45E-05,119.5693225,3.76E-05
ChrX,5700001,5800000,113.0531382,1.66E-05,123.3306962,1.81E-05
ChrX,5800001,5900000,114.7107948,9.95E-06,125.1390489,1.09E-05
ChrX,5900001,6000000,115.7053888,1.46E-05,126.2240605,1.59E-05
ChrX,6000001,6100000,117.1641267,2.65E-05,127.8154109,2.89E-05
ChrX,6100001,6200000,119.8163774,1.59E-05,130.7087753,1.74E-05
ChrX,6200001,6300000,121.4077278,9.35E-05,132.4447939,1.02E-04
ChrX,6300001,6400000,130.7569114,3.05E-05,142.6439033,3.33E-05
ChrX,6400001,6500000,133.8069997,2.59E-05,145.9712724,2.82E-05
ChrX,6500001,6600000,136.3929441,2.32E-05,148.7923026,2.53E-05
ChrX,6600001,6700000,138.7136634,5.44E-05,151.3239964,5.93E-05
ChrX,6700001,6800000,144.1507773,3.45E-05,157.2553934,3.76E-05
ChrX,6800001,6900000,147.5987031,2.12E-05,161.0167671,2.31E-05
ChrX,6900001,7000000,149.7205037,1.66E-05,163.3314586,1.81E-05
ChrX,7000001,7100000,151.3781604,8.62E-06,165.1398113,9.40E-06
ChrX,7100001,7200000,152.2401418,1.53E-05,166.0801547,1.66E-05
ChrX,7200001,7300000,153.765186,7.96E-06,167.7438392,8.68E-06
ChrX,7300001,7400000,154.5608612,7.29E-06,168.6118485,7.96E-06
ChrX,7400001,7500000,155.2902301,7.96E-06,169.4075237,8.68E-06
ChrX,7500001,7600000,156.0859053,2.39E-05,170.275533,2.60E-05
ChrX,7600001,7700000,158.4729309,1.33E-05,172.879561,1.45E-05
ChrX,7700001,7800000,159.7990562,1.46E-05,174.3262432,1.59E-05
ChrX,7800001,7900000,161.2577941,1.72E-05,175.9175936,1.88E-05
ChrX,7900001,8000000,162.981757,5.97E-06,177.7982804,6.51E-06
ChrX,8000001,8100000,163.5785134,2.52E-05,178.4492874,2.75E-05
ChrX,8100001,8200000,166.0981516,3.38E-05,181.1979835,3.69E-05
ChrX,8200001,8300000,169.4797712,2.39E-05,184.8870231,2.60E-05
ChrX,8300001,8400000,171.8667968,2.12E-05,187.491051,2.31E-05
ChrX,8400001,8500000,173.9885973,4.71E-05,189.8057425,5.14E-05
ChrX,8500001,8600000,178.6963423,6.63E-05,194.9414643,7.23E-05
ChrX,8600001,8700000,185.3269689,5.97E-05,202.1748752,6.51E-05
ChrX,8700001,8800000,191.2945329,6.43E-05,208.684945,7.02E-05
ChrX,8800001,8900000,197.7262408,5.11E-05,215.7013536,5.57E-05
ChrX,8900001,9000000,202.8318234,2.98E-05,221.27108,3.26E-05
ChrX,9000001,9100000,205.8156054,2.19E-05,224.5261149,2.39E-05
ChrX,9100001,9200000,208.0037122,2.06E-05,226.9131405,2.24E-05
ChrX,9200001,9300000,210.0592064,6.56E-05,229.1554979,7.16E-05
ChrX,9300001,9400000,216.6235268,5.37E-05,236.3165747,5.86E-05
ChrX,9400001,9500000,221.9943345,2.32E-05,242.1756376,2.53E-05
ChrX,9500001,9600000,224.3150538,3.12E-05,244.7073314,3.40E-05
ChrX,9600001,9700000,227.4314483,2.78E-05,248.1070345,3.04E-05
ChrX,9700001,9800000,230.2163115,1.79E-05,251.1450671,1.95E-05
ChrX,9800001,9900000,232.0065807,3.05E-05,253.0980881,3.33E-05
ChrX,9900001,10000000,235.056669,1.13E-05,256.4254571,1.23E-05
ChrX,10000001,10100000,236.1838755,2.06E-05,257.655137,2.24E-05
ChrX,10100001,10200000,238.2393698,4.18E-05,259.8974943,4.56E-05
ChrX,10200001,10300000,242.4166646,1.53E-05,264.4545432,1.66E-05
ChrX,10300001,10400000,243.9417088,1.66E-05,266.1182277,1.81E-05
ChrX,10400001,10500000,245.5993654,7.29E-06,267.9265805,7.96E-06
ChrX,10500001,10600000,246.3287344,7.96E-06,268.7222557,8.68E-06
ChrX,10600001,10700000,247.1244096,5.97E-06,269.590265,6.51E-06
ChrX,10700001,10800000,247.721166,2.92E-05,270.241272,3.18E-05
ChrX,10800001,10900000,250.6386417,2.72E-05,273.4239728,2.97E-05
ChrX,10900001,11000000,253.3571986,2.06E-05,276.3896712,2.24E-05
ChrX,11000001,11100000,255.4126929,5.50E-05,278.6320286,6.00E-05
ChrX,11100001,11200000,260.916113,3.98E-05,284.6357597,4.34E-05
ChrX,11200001,11300000,264.894489,1.39E-05,288.9758062,1.52E-05
ChrX,11300001,11400000,266.2869207,1.72E-05,290.4948225,1.88E-05
ChrX,11400001,11500000,268.0108836,1.26E-05,292.3755094,1.37E-05
ChrX,11500001,11600000,269.2707027,3.32E-06,293.7498574,3.62E-06
ChrX,11600001,11700000,269.602234,5.30E-06,294.111528,5.79E-06
ChrX,11700001,11800000,270.1326841,2.19E-05,294.6902009,2.39E-05
ChrX,11800001,11900000,272.3207909,4.11E-05,297.0772265,4.48E-05
ChrX,11900001,12000000,276.4317795,3.78E-05,301.5619412,4.12E-05
ChrX,12000001,12100000,280.2112367,1.53E-05,305.6849855,1.66E-05
ChrX,12100001,12200000,281.7362808,1.92E-05,307.34867,2.10E-05
ChrX,12200001,12300000,283.6591625,1.33E-05,309.4463591,1.45E-05
ChrX,12300001,12400000,284.9852879,1.39E-05,310.8930413,1.52E-05
ChrX,12400001,12500000,286.3777195,4.04E-05,312.4120576,4.41E-05
ChrX,12500001,12600000,290.4224018,5.37E-05,316.8244383,5.86E-05
ChrX,12600001,12700000,295.7932094,2.85E-05,322.6835011,3.11E-05
ChrX,12700001,12800000,298.6443788,2.92E-05,325.7938678,3.18E-05
ChrX,12800001,12900000,301.5618546,2.12E-05,328.9765686,2.31E-05
ChrX,12900001,13000000,303.6836551,1.86E-05,331.2912601,2.03E-05
ChrX,13000001,13100000,305.5402306,2.32E-05,333.3166152,2.53E-05
ChrX,13100001,13200000,307.8609499,2.85E-05,335.848309,3.11E-05
ChrX,13200001,13300000,310.7121194,5.37E-05,338.9586757,5.86E-05
ChrX,13300001,13400000,316.082927,2.19E-05,344.8177385,2.39E-05
ChrX,13400001,13500000,318.2710338,1.19E-05,347.2047641,1.30E-05
ChrX,13500001,13600000,319.4645466,1.99E-05,348.5067781,2.17E-05
ChrX,13600001,13700000,321.4537346,2.45E-05,350.6768014,2.68E-05
ChrX,13700001,13800000,323.9070665,3.71E-05,353.3531634,4.05E-05
ChrX,13800001,13900000,327.6202174,2.06E-05,357.4038735,2.24E-05
ChrX,13900001,14000000,329.6757117,3.25E-05,359.6462309,3.54E-05
ChrX,14000001,14100000,332.9247187,3.78E-05,363.1906023,4.12E-05
ChrX,14100001,14200000,336.704176,1.59E-05,367.3136465,1.74E-05
ChrX,14200001,14300000,338.2955264,3.12E-05,369.0496651,3.40E-05
ChrX,14300001,14400000,341.4119209,1.39E-05,372.4493682,1.52E-05
ChrX,14400001,14500000,342.8043525,4.51E-05,373.9683845,4.92E-05
ChrX,14500001,14600000,347.3131786,8.95E-05,378.887104,9.77E-05
ChrX,14600001,14700000,356.2645246,5.57E-05,388.6522087,6.08E-05
ChrX,14700001,14800000,361.8342511,1.53E-05,394.7282739,1.66E-05
ChrX,14800001,14900000,363.3592952,1.26E-05,396.3919584,1.37E-05
ChrX,14900001,15000000,364.6191143,2.45E-05,397.7663065,2.68E-05
ChrX,15000001,15100000,367.0724461,2.39E-05,400.4426685,2.60E-05
ChrX,15100001,15200000,369.4594717,1.59E-05,403.0466964,1.74E-05
ChrX,15200001,15300000,371.0508221,1.72E-05,404.7827151,1.88E-05
ChrX,15300001,15400000,372.7747851,5.30E-06,406.6634019,5.79E-06
ChrX,15400001,15500000,373.3052352,3.78E-05,407.2420748,4.12E-05
ChrX,15500001,15600000,377.0846924,3.71E-05,411.365119,4.05E-05
ChrX,15600001,15700000,380.7978434,2.12E-05,415.4158291,2.31E-05
ChrX,15700001,15800000,382.9196439,1.46E-05,417.7305206,1.59E-05
ChrX,15800001,15900000,384.3783818,6.63E-06,419.321871,7.23E-06
ChrX,15900001,16000000,385.0414444,1.00E-04,420.0452121,1.09E-04
ChrX,16000001,16100000,395.0536907,2.98E-05,430.9676626,3.26E-05
ChrX,16100001,16200000,398.0374727,1.99E-05,434.2226975,2.17E-05
ChrX,16200001,16300000,400.0266607,8.62E-06,436.3927208,9.40E-06
ChrX,16300001,16400000,400.8886422,5.97E-05,437.3330642,6.51E-05
ChrX,16400001,16500000,406.8562062,1.86E-05,443.843134,2.03E-05
ChrX,16500001,16600000,408.7127817,3.71E-05,445.8684891,4.05E-05
ChrX,16600001,16700000,412.4259326,3.78E-05,449.9191992,4.12E-05
ChrX,16700001,16800000,416.2053898,2.52E-05,454.0422434,2.75E-05
ChrX,16800001,16900000,418.7250279,1.39E-05,456.7909396,1.52E-05
ChrX,16900001,17000000,420.1174595,7.29E-06,458.3099559,7.96E-06
ChrX,17000001,17100000,420.8468285,5.30E-06,459.1056311,5.79E-06
ChrX,17100001,17200000,421.3772786,1.92E-05,459.6843039,2.10E-05
ChrX,17200001,17300000,423.3001603,9.95E-06,461.7819931,1.09E-05
ChrX,17300001,17400000,424.2947543,5.30E-06,462.8670047,5.79E-06
ChrX,17400001,17500000,424.8252045,1.06E-05,463.4456776,1.16E-05
ChrX,17500001,17600000,425.8861047,2.12E-05,464.6030234,2.31E-05
ChrX,17600001,17700000,428.0079053,1.72E-05,466.9177149,1.88E-05
ChrX,17700001,17800000,429.7318682,1.99E-05,468.7984017,2.17E-05
ChrX,17800001,17900000,431.7210562,3.98E-06,470.968425,4.34E-06
ChrX,17900001,18000000,432.1188938,9.28E-06,471.4024296,1.01E-05
ChrX,18000001,18100000,433.0471816,2.65E-06,472.4151072,2.89E-06
ChrX,18100001,18200000,433.3124066,1.06E-05,472.7044436,1.16E-05
ChrX,18200001,18300000,434.3733069,1.19E-05,473.8617893,1.30E-05
ChrX,18300001,18400000,435.5668197,8.62E-06,475.1638033,9.40E-06
ChrX,18400001,18500000,436.4288012,7.96E-06,476.1041467,8.68E-06
ChrX,18500001,18600000,437.2244764,1.86E-05,476.972156,2.03E-05
ChrX,18600001,18700000,439.0810518,1.39E-05,478.9975111,1.52E-05
ChrX,18700001,18800000,440.4734834,1.06E-05,480.5165274,1.16E-05
ChrX,18800001,18900000,441.5343837,9.95E-06,481.6738731,1.09E-05
ChrX,18900001,19000000,442.5289777,7.29E-06,482.7588848,7.96E-06
ChrX,19000001,19100000,443.2583466,2.39E-05,483.55456,2.60E-05
ChrX,19100001,19200000,445.6453722,4.77E-05,486.1585879,5.21E-05
ChrX,19200001,19300000,450.4194235,1.53E-05,491.3666438,1.66E-05
ChrX,19300001,19400000,451.9444676,3.65E-05,493.0303283,3.98E-05
ChrX,19400001,19500000,455.5913123,1.72E-05,497.0087043,1.88E-05
ChrX,19500001,19600000,457.3152752,2.65E-05,498.8893911,2.89E-05
ChrX,19600001,19700000,459.9675259,3.12E-05,501.7827555,3.40E-05
ChrX,19700001,19800000,463.0839204,1.99E-05,505.1824586,2.17E-05
ChrX,19800001,19900000,465.0731084,1.06E-05,507.3524819,1.16E-05
ChrX,19900001,20000000,466.1340087,1.99E-05,508.5098276,2.17E-05
ChrX,20000001,20100000,468.1231967,1.53E-05,510.6798509,1.66E-05
ChrX,20100001,20200000,469.6482408,1.99E-05,512.3435354,2.17E-05
ChrX,20200001,20300000,471.6374288,2.06E-05,514.5135587,2.24E-05
ChrX,20300001,20400000,473.6929231,2.52E-05,516.7559161,2.75E-05
ChrX,20400001,20500000,476.2125612,9.28E-06,519.5046122,1.01E-05
ChrX,20500001,20600000,477.140849,1.99E-06,520.5172898,2.17E-06
ChrX,20600001,20700000,477.3397678,7.96E-06,520.7342921,8.68E-06
ChrX,20700001,20800000,478.135443,3.71E-05,521.6023014,4.05E-05
ChrX,20800001,20900000,481.8485939,2.65E-06,525.6530115,2.89E-06
ChrX,20900001,21000000,482.113819,6.63E-06,525.942348,7.23E-06
ChrX,21000001,21100000,482.7768816,5.30E-06,526.6656891,5.79E-06
ChrX,21100001,21200000,483.3073318,7.96E-06,527.2443619,8.68E-06
ChrX,21200001,21300000,484.103007,1.26E-05,528.1123712,1.37E-05
ChrX,21300001,21400000,485.362826,1.33E-06,529.4867193,1.45E-06
ChrX,21400001,21500000,485.4954386,7.33E-10,529.6313875,8.00E-10
ChrX,21500001,21600000,485.4955119,7.29E-06,529.6314675,7.96E-06
ChrX,21600001,21700000,486.2248808,6.63E-07,530.4271427,7.23E-07
ChrX,21700001,21800000,486.2911871,3.98E-06,530.4994768,4.34E-06
ChrX,21800001,21900000,486.6890247,1.33E-06,530.9334815,1.45E-06
ChrX,21900001,22000000,486.8216372,1.99E-06,531.0781497,2.17E-06
ChrX,22000001,22100000,487.020556,2.65E-06,531.295152,2.89E-06
ChrX,22100001,22200000,487.2857811,6.63E-07,531.5844885,7.23E-07
ChrX,22200001,22300000,487.3520874,7.33E-10,531.6568226,8.00E-10
ChrX,22300001,22400000,487.3521607,7.33E-10,531.6569026,8.00E-10
ChrX,22400001,22500000,487.352234,7.33E-10,531.6569826,8.00E-10
Chr2L,1,100000,0,5.50E-10,0,6.00E-10
Chr2L,100001,200000,0.000055,5.50E-10,0.00006,6.00E-10
Chr2L,200001,300000,0.00011,1.29E-06,0.00012,1.41E-06
Chr2L,300001,400000,0.1291125762,1.29E-06,0.1408500831,1.41E-06
Chr2L,400001,500000,0.2581151524,1.10E-05,0.2815801663,1.20E-05
Chr2L,500001,600000,1.35463705,7.74E-06,1.477785873,8.44E-06
Chr2L,600001,700000,2.128652507,5.81E-06,2.322166372,6.33E-06
Chr2L,700001,800000,2.7091641,1.29E-05,2.955451746,1.41E-05
Chr2L,800001,900000,3.999189862,1.68E-05,4.362752577,1.83E-05
Chr2L,900001,1000000,5.676223353,1.87E-05,6.192243658,2.04E-05
Chr2L,1000001,1100000,7.546760708,1.55E-05,8.232829863,1.69E-05
Chr2L,1100001,1200000,9.094791622,2.00E-05,9.921590861,2.18E-05
Chr2L,1200001,1300000,11.09433155,9.68E-06,12.10290715,1.06E-05
Chr2L,1300001,1400000,12.06185088,3.87E-06,13.15838277,4.22E-06
Chr2L,1400001,1500000,12.4488586,1.35E-05,13.58057302,1.48E-05
Chr2L,1500001,1600000,13.80338565,1.61E-05,15.0582389,1.76E-05
Chr2L,1600001,1700000,15.41591786,1.23E-05,16.81736493,1.34E-05
Chr2L,1700001,1800000,16.64144233,9.68E-06,18.15430072,1.06E-05
Chr2L,1800001,1900000,17.60896165,2.97E-05,19.20977635,3.24E-05
Chr2L,1900001,2000000,20.5760209,1.35E-05,22.44656826,1.48E-05
Chr2L,2000001,2100000,21.93054795,9.03E-06,23.92423413,9.85E-06
Chr2L,2100001,2200000,22.83356599,2.00E-05,24.90934471,2.18E-05
Chr2L,2200001,2300000,24.83310592,9.03E-06,27.090661,9.85E-06
Chr2L,2300001,2400000,25.73612395,2.58E-05,28.07577159,2.81E-05
Chr2L,2400001,2500000,28.31617548,1.42E-05,30.89037325,1.55E-05
Chr2L,2500001,2600000,29.73520382,1.42E-05,32.43840416,1.55E-05
Chr2L,2600001,2700000,31.15423215,3.16E-05,33.98643508,3.45E-05
Chr2L,2700001,2800000,34.31479527,1.23E-05,37.43432211,1.34E-05
Chr2L,2800001,2900000,35.54031974,5.16E-06,38.7712579,5.63E-06
Chr2L,2900001,3000000,36.05633005,5.81E-06,39.33417824,6.33E-06
Chr2L,3000001,3100000,36.63684164,3.81E-05,39.96746361,4.15E-05
Chr2L,3100001,3200000,40.44241764,1.29E-05,44.11900106,1.41E-05
Chr2L,3200001,3300000,41.7324434,1.29E-05,45.52630189,1.41E-05
Chr2L,3300001,3400000,43.02246916,2.77E-05,46.93360272,3.03E-05
Chr2L,3400001,3500000,45.79602455,2.32E-05,49.95929951,2.53E-05
Chr2L,3500001,3600000,48.11807092,1.03E-05,52.49244101,1.13E-05
Chr2L,3600001,3700000,49.15009153,2.00E-05,53.61828167,2.18E-05
Chr2L,3700001,3800000,51.14963147,4.13E-05,55.79959796,4.50E-05
Chr2L,3800001,3900000,55.2777139,4.06E-05,60.30296062,4.43E-05
Chr2L,3900001,4000000,59.34129505,3.68E-05,64.73595824,4.01E-05
Chr2L,4000001,4100000,63.01786848,2.00E-05,68.74676561,2.18E-05
Chr2L,4100001,4200000,65.01740841,4.00E-05,70.9280819,4.36E-05
Chr2L,4200001,4300000,69.01648827,3.16E-05,75.29071448,3.45E-05
Chr2L,4300001,4400000,72.17705139,2.26E-05,78.73860151,2.46E-05
Chr2L,4400001,4500000,74.43459647,1.03E-05,81.20137797,1.13E-05
Chr2L,4500001,4600000,75.46661708,9.68E-06,82.32721863,1.06E-05
Chr2L,4600001,4700000,76.4341364,2.84E-05,83.38269426,3.10E-05
Chr2L,4700001,4800000,79.27219308,5.22E-05,86.47875609,5.70E-05
Chr2L,4800001,4900000,84.49679741,3.48E-05,92.17832445,3.80E-05
Chr2L,4900001,5000000,87.97986697,3.03E-05,95.9780367,3.31E-05
Chr2L,5000001,5100000,91.01142751,1.94E-05,99.28519365,2.11E-05
Chr2L,5100001,5200000,92.94646616,3.87E-05,101.3961449,4.22E-05
Chr2L,5200001,5300000,96.81654344,1.03E-05,105.6180474,1.13E-05
Chr2L,5300001,5400000,97.84856405,1.74E-05,106.7438881,1.90E-05
Chr2L,5400001,5500000,99.59009883,2.32E-05,108.6437442,2.53E-05
Chr2L,5500001,5600000,101.9121452,1.16E-05,111.1768857,1.27E-05
Chr2L,5600001,5700000,103.0731684,7.10E-06,112.4434564,7.74E-06
Chr2L,5700001,5800000,103.7826826,8.39E-06,113.2174719,9.15E-06
Chr2L,5800001,5900000,104.6211993,1.23E-05,114.1322174,1.34E-05
Chr2L,5900001,6000000,105.8467238,1.29E-05,115.4691532,1.41E-05
Chr2L,6000001,6100000,107.1367495,7.10E-06,116.876454,7.74E-06
Chr2L,6100001,6200000,107.8462637,2.52E-05,117.6504695,2.74E-05
Chr2L,6200001,6300000,110.3618139,1.68E-05,120.3947061,1.83E-05
Chr2L,6300001,6400000,112.0388474,2.19E-05,122.2241972,2.39E-05
Chr2L,6400001,6500000,114.2318912,1.87E-05,124.6166086,2.04E-05
Chr2L,6500001,6600000,116.1024286,2.06E-05,126.6571948,2.25E-05
Chr2L,6600001,6700000,118.1664698,8.39E-06,128.9088761,9.15E-06
Chr2L,6700001,6800000,119.0049865,1.94E-05,129.8236217,2.11E-05
Chr2L,6800001,6900000,120.9400252,1.03E-05,131.9345729,1.13E-05
Chr2L,6900001,7000000,121.9720458,5.61E-05,133.0604136,6.12E-05
Chr2L,7000001,7100000,127.5836579,2.19E-05,139.1821722,2.39E-05
Chr2L,7100001,7200000,129.7767017,1.48E-05,141.5745836,1.62E-05
Chr2L,7200001,7300000,131.2602313,1.35E-05,143.1929796,1.48E-05
Chr2L,7300001,7400000,132.6147583,9.03E-06,144.6706455,9.85E-06
Chr2L,7400001,7500000,133.5177764,1.42E-05,145.655756,1.55E-05
Chr2L,7500001,7600000,134.9368047,1.16E-05,147.203787,1.27E-05
Chr2L,7600001,7700000,136.0978279,1.29E-05,148.4703577,1.41E-05
Chr2L,7700001,7800000,137.3878537,8.39E-06,149.8776585,9.15E-06
Chr2L,7800001,7900000,138.2263704,4.77E-05,150.7924041,5.21E-05
Chr2L,7900001,8000000,142.9994657,2.19E-05,155.9994172,2.39E-05
Chr2L,8000001,8100000,145.1925095,3.42E-05,158.3918286,3.73E-05
Chr2L,8100001,8200000,148.6110778,1.81E-05,162.1211758,1.97E-05
Chr2L,8200001,8300000,150.4171139,1.81E-05,164.0913969,1.97E-05
Chr2L,8300001,8400000,152.2231499,1.29E-05,166.0616181,1.41E-05
Chr2L,8400001,8500000,153.5131757,2.64E-05,167.4689189,2.88E-05
Chr2L,8500001,8600000,156.1577285,1.87E-05,170.3538856,2.04E-05
Chr2L,8600001,8700000,158.0282659,7.74E-06,172.3944718,8.44E-06
Chr2L,8700001,8800000,158.8022813,1.55E-05,173.2388523,1.69E-05
Chr2L,8800001,8900000,160.3503122,2.32E-05,174.9276133,2.53E-05
Chr2L,8900001,9000000,162.6723586,8.39E-06,177.4607548,9.15E-06
Chr2L,9000001,9100000,163.5108753,1.29E-05,178.3755004,1.41E-05
Chr2L,9100001,9200000,164.8009011,1.35E-05,179.7828012,1.48E-05
Chr2L,9200001,9300000,166.1554282,6.45E-07,181.2604671,7.04E-07
Chr2L,9300001,9400000,166.2199294,1.29E-05,181.3308321,1.41E-05
Chr2L,9400001,9500000,167.5099552,2.71E-05,182.7381329,2.96E-05
Chr2L,9500001,9600000,170.2190093,1.74E-05,185.6934647,1.90E-05
Chr2L,9600001,9700000,171.9605441,2.39E-05,187.5933208,2.60E-05
Chr2L,9700001,9800000,174.3470917,2.97E-05,190.1968274,3.24E-05
Chr2L,9800001,9900000,177.314151,8.39E-06,193.4336193,9.15E-06
Chr2L,9900001,10000000,178.1526677,4.45E-05,194.3483648,4.86E-05
Chr2L,10000001,10100000,182.6032566,5.22E-05,199.2035527,5.70E-05
Chr2L,10100001,10200000,187.827861,3.61E-05,204.903121,3.94E-05
Chr2L,10200001,10300000,191.4399331,2.00E-05,208.8435634,2.18E-05
Chr2L,10300001,10400000,193.439473,1.81E-05,211.0248797,1.97E-05
Chr2L,10400001,10500000,195.2455091,2.13E-05,212.9951008,2.32E-05
Chr2L,10500001,10600000,197.3740516,1.55E-05,215.3171472,1.69E-05
Chr2L,10600001,10700000,198.9220825,1.87E-05,217.0059082,2.04E-05
Chr2L,10700001,10800000,200.7926199,1.48E-05,219.0464944,1.62E-05
Chr2L,10800001,10900000,202.2761495,1.61E-05,220.6648904,1.76E-05
Chr2L,10900001,11000000,203.8886817,2.19E-05,222.4240164,2.39E-05
Chr2L,11000001,11100000,206.0817255,1.16E-05,224.8164278,1.27E-05
Chr2L,11100001,11200000,207.2427487,1.03E-05,226.0829986,1.13E-05
Chr2L,11200001,11300000,208.2747693,1.29E-05,227.2088392,1.41E-05
Chr2L,11300001,11400000,209.564795,6.45E-06,228.61614,7.04E-06
Chr2L,11400001,11500000,210.2098079,5.16E-06,229.3197905,5.63E-06
Chr2L,11500001,11600000,210.7258182,7.74E-06,229.8827108,8.44E-06
Chr2L,11600001,11700000,211.4998337,7.74E-06,230.7270913,8.44E-06
Chr2L,11700001,11800000,212.2738491,1.10E-05,231.5714718,1.20E-05
Chr2L,11800001,11900000,213.370371,1.23E-05,232.7676775,1.34E-05
Chr2L,11900001,12000000,214.5958955,1.61E-05,234.1046133,1.76E-05
Chr2L,12000001,12100000,216.2084277,2.32E-05,235.8637393,2.53E-05
Chr2L,12100001,12200000,218.5304741,4.19E-05,238.3968808,4.57E-05
Chr2L,12200001,12300000,222.7230578,1.16E-05,242.9706085,1.27E-05
Chr2L,12300001,12400000,223.884081,9.68E-06,244.2371793,1.06E-05
Chr2L,12400001,12500000,224.8516003,2.84E-05,245.2926549,3.10E-05
Chr2L,12500001,12600000,227.689657,4.13E-05,248.3887167,4.50E-05
Chr2L,12600001,12700000,231.8177394,1.68E-05,252.8920794,1.83E-05
Chr2L,12700001,12800000,233.4947729,1.10E-05,254.7215705,1.20E-05
Chr2L,12800001,12900000,234.5912948,7.10E-06,255.9177762,7.74E-06
Chr2L,12900001,13000000,235.300809,1.61E-05,256.6917916,1.76E-05
Chr2L,13000001,13100000,236.9133412,2.77E-05,258.4509177,3.03E-05
Chr2L,13100001,13200000,239.6868966,5.16E-06,261.4766145,5.63E-06
Chr2L,13200001,13300000,240.2029069,4.52E-06,262.0395348,4.93E-06
Chr2L,13300001,13400000,240.6544159,1.03E-05,262.5320901,1.13E-05
Chr2L,13400001,13500000,241.6864365,2.00E-05,263.6579307,2.18E-05
Chr2L,13500001,13600000,243.6859765,1.10E-05,265.839247,1.20E-05
Chr2L,13600001,13700000,244.7824983,2.19E-05,267.0354527,2.39E-05
Chr2L,13700001,13800000,246.9755421,1.23E-05,269.4278642,1.34E-05
Chr2L,13800001,13900000,248.2010666,9.03E-06,270.7647999,9.85E-06
Chr2L,13900001,14000000,249.1040847,1.74E-05,271.7499105,1.90E-05
Chr2L,14000001,14100000,250.8456194,1.03E-05,273.6497667,1.13E-05
Chr2L,14100001,14200000,251.87764,1.10E-05,274.7756073,1.20E-05
Chr2L,14200001,14300000,252.9741619,9.03E-06,275.971813,9.85E-06
Chr2L,14300001,14400000,253.87718,3.42E-05,276.9569236,3.73E-05
Chr2L,14400001,14500000,257.2957482,6.45E-06,280.6862708,7.04E-06
Chr2L,14500001,14600000,257.9407611,2.06E-05,281.3899212,2.25E-05
Chr2L,14600001,14700000,260.0048023,5.81E-06,283.6416026,6.33E-06
Chr2L,14700001,14800000,260.5853139,9.03E-06,284.2748879,9.85E-06
Chr2L,14800001,14900000,261.488332,6.45E-06,285.2599985,7.04E-06
Chr2L,14900001,15000000,262.1333448,6.45E-06,285.9636489,7.04E-06
Chr2L,15000001,15100000,262.7783577,5.16E-06,286.6672993,5.63E-06
Chr2L,15100001,15200000,263.294368,2.06E-05,287.2302197,2.25E-05
Chr2L,15200001,15300000,265.3584093,9.03E-06,289.481901,9.85E-06
Chr2L,15300001,15400000,266.2614273,8.39E-06,290.4670116,9.15E-06
Chr2L,15400001,15500000,267.099944,3.23E-06,291.3817571,3.52E-06
Chr2L,15500001,15600000,267.4224505,1.16E-05,291.7335823,1.27E-05
Chr2L,15600001,15700000,268.5834737,5.81E-06,293.0001531,6.33E-06
Chr2L,15700001,15800000,269.1639853,1.29E-06,293.6334385,1.41E-06
Chr2L,15800001,15900000,269.2929878,4.52E-06,293.7741685,4.93E-06
Chr2L,15900001,16000000,269.7444968,2.58E-06,294.2667238,2.81E-06
Chr2L,16000001,16100000,270.002502,3.87E-06,294.548184,4.22E-06
Chr2L,16100001,16200000,270.3895097,8.39E-06,294.9703742,9.15E-06
Chr2L,16200001,16300000,271.2280265,1.94E-05,295.8851198,2.11E-05
Chr2L,16300001,16400000,273.1630651,2.19E-05,297.996071,2.39E-05
Chr2L,16400001,16500000,275.3561089,2.13E-05,300.3884824,2.32E-05
Chr2L,16500001,16600000,277.4846514,1.55E-05,302.7105288,1.69E-05
Chr2L,16600001,16700000,279.0326823,2.32E-05,304.3992898,2.53E-05
Chr2L,16700001,16800000,281.3547287,9.03E-06,306.9324313,9.85E-06
Chr2L,16800001,16900000,282.2577467,3.10E-05,307.9175419,3.38E-05
Chr2L,16900001,17000000,285.3538086,1.10E-05,311.2950639,1.20E-05
Chr2L,17000001,17100000,286.4503305,8.39E-06,312.4912696,9.15E-06
Chr2L,17100001,17200000,287.2888472,1.29E-05,313.4060151,1.41E-05
Chr2L,17200001,17300000,288.578873,6.45E-06,314.813316,7.04E-06
Chr2L,17300001,17400000,289.2238859,9.03E-06,315.5169664,9.85E-06
Chr2L,17400001,17500000,290.1269039,6.45E-07,316.502077,7.04E-07
Chr2L,17500001,17600000,290.1914052,6.45E-07,316.572442,7.04E-07
Chr2L,17600001,17700000,290.2559065,2.58E-06,316.642807,2.81E-06
Chr2L,17700001,17800000,290.5139116,2.58E-06,316.9242672,2.81E-06
Chr2L,17800001,17900000,290.7719168,1.10E-05,317.2057274,1.20E-05
Chr2L,17900001,18000000,291.8684387,5.16E-06,318.4019331,5.63E-06
Chr2L,18000001,18100000,292.384449,3.87E-06,318.9648534,4.22E-06
Chr2L,18100001,18200000,292.7714567,2.58E-06,319.3870437,2.81E-06
Chr2L,18200001,18300000,293.0294619,1.94E-06,319.6685038,2.11E-06
Chr2L,18300001,18400000,293.2229657,1.29E-06,319.879599,1.41E-06
Chr2L,18400001,18500000,293.3519683,1.29E-06,320.020329,1.41E-06
Chr2L,18500001,18600000,293.4809709,1.29E-06,320.1610591,1.41E-06
Chr2L,18600001,18700000,293.6099734,1.29E-06,320.3017892,1.41E-06
Chr2L,18700001,18800000,293.738976,7.74E-06,320.4425193,8.44E-06
Chr2L,18800001,18900000,294.5129915,6.45E-07,321.2868998,7.04E-07
Chr2L,18900001,19000000,294.5774928,6.45E-07,321.3572648,7.04E-07
Chr2L,19000001,19100000,294.6419941,2.58E-06,321.4276299,2.81E-06
Chr2L,19100001,19200000,294.8999992,2.58E-06,321.70909,2.81E-06
Chr2L,19200001,19300000,295.1580044,5.50E-10,321.9905502,6.00E-10
Chr2L,19300001,19400000,295.1580594,1.94E-06,321.9906102,2.11E-06
Chr2L,19400001,19500000,295.3515632,6.45E-07,322.2017053,7.04E-07
Chr2L,19500001,19600000,295.4160645,1.29E-06,322.2720704,1.41E-06
Chr2L,19600001,19700000,295.5450671,6.45E-07,322.4128005,7.04E-07
Chr2L,19700001,19800000,295.6095684,6.45E-06,322.4831655,7.04E-06
Chr2L,19800001,19900000,296.2545813,1.29E-06,323.1868159,1.41E-06
Chr2L,19900001,20000000,296.3835838,3.23E-06,323.327546,3.52E-06
Chr2L,20000001,20100000,296.7060903,6.45E-07,323.6793712,7.04E-07
Chr2L,20100001,20200000,296.7705916,1.29E-06,323.7497362,1.41E-06
Chr2L,20200001,20300000,296.8995941,5.50E-10,323.8904663,6.00E-10
Chr2L,20300001,20400000,296.8996491,1.29E-06,323.8905263,1.41E-06
Chr2L,20400001,20500000,297.0286517,3.87E-06,324.0312564,4.22E-06
Chr2L,20500001,20600000,297.4156594,1.94E-06,324.4534467,2.11E-06
Chr2L,20600001,20700000,297.6091633,1.29E-06,324.6645418,1.41E-06
Chr2L,20700001,20800000,297.7381659,5.50E-10,324.8052719,6.00E-10
Chr2L,20800001,20900000,297.7382209,1.29E-05,324.8053319,1.41E-05
Chr2L,20900001,21000000,299.0282466,6.45E-06,326.2126327,7.04E-06
Chr2L,21000001,21100000,299.6732595,1.94E-06,326.9162831,2.11E-06
Chr2L,21100001,21200000,299.8667634,6.45E-07,327.1273782,7.04E-07
Chr2L,21200001,21300000,299.9312647,6.45E-07,327.1977433,7.04E-07
Chr2L,21300001,21400000,299.995766,5.50E-10,327.2681083,6.00E-10
Chr2L,21400001,21500000,299.995821,1.94E-06,327.2681683,2.11E-06
Chr2L,21500001,21600000,300.1893248,5.50E-10,327.4792635,6.00E-10
Chr2L,21600001,21700000,300.1893798,5.50E-10,327.4793235,6.00E-10
Chr2L,21700001,21800000,300.1894348,5.50E-10,327.4793835,6.00E-10
Chr2L,21800001,21900000,300.1894898,5.50E-10,327.4794435,6.00E-10
Chr2L,21900001,22000000,300.1895448,6.45E-07,327.4795035,7.04E-07
Chr2L,22000001,22100000,300.2540461,5.50E-10,327.5498685,6.00E-10
Chr2L,22100001,22200000,300.2541011,1.55E-05,327.5499285,1.69E-05
Chr2L,22200001,22300000,301.802132,2.13E-05,329.2386895,2.32E-05
Chr2L,22300001,22400000,303.9306745,1.94E-06,331.5607359,2.11E-06
Chr2L,22400001,22500000,304.1241784,6.45E-07,331.771831,7.04E-07
Chr2L,22500001,22600000,304.1886797,5.50E-10,331.842196,6.00E-10
Chr2L,22600001,22700000,304.1887347,5.50E-10,331.842256,6.00E-10
Chr2L,22700001,22800000,304.1887897,1.29E-06,331.842316,1.41E-06
Chr2L,22800001,22900000,304.3177923,5.50E-10,331.9830461,6.00E-10
Chr2L,22900001,23000000,304.3178473,5.50E-10,331.9831061,6.00E-10
Chr2L,23000001,23100000,304.3179023,5.50E-10,331.9831661,6.00E-10
Chr2R,1,100000,304.3179573,5.50E-10,331.9832261,6.00E-10
Chr2R,100001,200000,304.3180123,5.50E-10,331.9832861,6.00E-10
Chr2R,200001,300000,304.3180673,5.50E-10,331.9833461,6.00E-10
Chr2R,300001,400000,304.3181223,5.50E-10,331.9834061,6.00E-10
Chr2R,400001,500000,304.3181773,5.50E-10,331.9834661,6.00E-10
Chr2R,500001,600000,304.3182323,5.50E-10,331.9835261,6.00E-10
Chr2R,600001,700000,304.3182873,5.97E-07,331.9835861,6.51E-07
Chr2R,700001,800000,304.3779426,6.56E-06,332.0486646,7.16E-06
Chr2R,800001,900000,305.0341509,1.19E-06,332.7645282,1.30E-06
Chr2R,900001,1000000,305.1534615,2.98E-06,332.8946853,3.25E-06
Chr2R,1000001,1100000,305.451738,5.50E-10,333.2200778,6.00E-10
Chr2R,1100001,1200000,305.451793,5.50E-10,333.2201378,6.00E-10
Chr2R,1200001,1300000,305.451848,5.50E-10,333.2201978,6.00E-10
Chr2R,1300001,1400000,305.451903,2.39E-06,333.2202578,2.60E-06
Chr2R,1400001,1500000,305.6905242,6.56E-06,333.4805718,7.16E-06
Chr2R,1500001,1600000,306.3467325,1.19E-06,334.1964355,1.30E-06
Chr2R,1600001,1700000,306.4660431,1.19E-06,334.3265925,1.30E-06
Chr2R,1700001,1800000,306.5853537,5.50E-10,334.4567495,6.00E-10
Chr2R,1800001,1900000,306.5854087,1.79E-06,334.4568095,1.95E-06
Chr2R,1900001,2000000,306.7643746,2.98E-06,334.652045,3.25E-06
Chr2R,2000001,2100000,307.0626511,5.50E-10,334.9774376,6.00E-10
Chr2R,2100001,2200000,307.0627061,1.19E-06,334.9774976,1.30E-06
Chr2R,2200001,2300000,307.1820167,5.50E-10,335.1076546,6.00E-10
Chr2R,2300001,2400000,307.1820717,5.37E-06,335.1077146,5.86E-06
Chr2R,2400001,2500000,307.7189694,2.98E-06,335.6934212,3.25E-06
Chr2R,2500001,2600000,308.0172459,2.98E-06,336.0188137,3.25E-06
Chr2R,2600001,2700000,308.3155224,5.97E-07,336.3442063,6.51E-07
Chr2R,2700001,2800000,308.3751777,5.97E-07,336.4092848,6.51E-07
Chr2R,2800001,2900000,308.434833,1.01E-05,336.4743633,1.11E-05
Chr2R,2900001,3000000,309.4489732,2.39E-06,337.580698,2.60E-06
Chr2R,3000001,3100000,309.6875944,1.19E-06,337.841012,1.30E-06
Chr2R,3100001,3200000,309.806905,4.18E-06,337.9711691,4.56E-06
Chr2R,3200001,3300000,310.2244921,1.31E-05,338.4267186,1.43E-05
Chr2R,3300001,3400000,311.5369087,2.98E-06,339.8584458,3.25E-06
Chr2R,3400001,3500000,311.8351852,1.25E-05,340.1838384,1.37E-05
Chr2R,3500001,3600000,313.0879465,1.79E-06,341.5504871,1.95E-06
Chr2R,3600001,3700000,313.2669124,1.25E-05,341.7457226,1.37E-05
Chr2R,3700001,3800000,314.5196737,2.98E-06,343.1123714,3.25E-06
Chr2R,3800001,3900000,314.8179503,2.39E-06,343.4377639,2.60E-06
Chr2R,3900001,4000000,315.0565715,7.76E-06,343.698078,8.46E-06
Chr2R,4000001,4100000,315.8320904,1.19E-06,344.5440986,1.30E-06
Chr2R,4100001,4200000,315.951401,4.77E-06,344.6742556,5.21E-06
Chr2R,4200001,4300000,316.4286434,1.19E-06,345.1948837,1.30E-06
Chr2R,4300001,4400000,316.547954,7.16E-06,345.3250407,7.81E-06
Chr2R,4400001,4500000,317.2638176,5.97E-06,346.1059828,6.51E-06
Chr2R,4500001,4600000,317.8603706,1.79E-06,346.7567679,1.95E-06
Chr2R,4600001,4700000,318.0393365,2.98E-06,346.9520035,3.25E-06
Chr2R,4700001,4800000,318.337613,7.16E-06,347.277396,7.81E-06
Chr2R,4800001,4900000,319.0534766,7.76E-06,348.0583381,8.46E-06
Chr2R,4900001,5000000,319.8289955,4.77E-06,348.9043588,5.21E-06
Chr2R,5000001,5100000,320.3062379,3.58E-06,349.4249869,3.90E-06
Chr2R,5100001,5200000,320.6641698,1.37E-05,349.8154579,1.50E-05
Chr2R,5200001,5300000,322.0362417,3.04E-05,351.3122636,3.32E-05
Chr2R,5300001,5400000,325.078662,1.43E-05,354.6312677,1.56E-05
Chr2R,5400001,5500000,326.5103893,6.56E-06,356.1931519,7.16E-06
Chr2R,5500001,5600000,327.1665976,2.15E-05,356.9090155,2.34E-05
Chr2R,5600001,5700000,329.3141884,5.97E-06,359.2518419,6.51E-06
Chr2R,5700001,5800000,329.9107414,4.18E-06,359.902627,4.56E-06
Chr2R,5800001,5900000,330.3283285,9.54E-06,360.3581766,1.04E-05
Chr2R,5900001,6000000,331.2828133,5.37E-06,361.3994327,5.86E-06
Chr2R,6000001,6100000,331.8197111,1.79E-05,361.9851393,1.95E-05
Chr2R,6100001,6200000,333.6093701,1.25E-05,363.9374946,1.37E-05
Chr2R,6200001,6300000,334.8621314,1.07E-05,365.3041433,1.17E-05
Chr2R,6300001,6400000,335.9359268,1.37E-05,366.4755565,1.50E-05
Chr2R,6400001,6500000,337.3079987,1.19E-05,367.9723623,1.30E-05
Chr2R,6500001,6600000,338.5011048,1.79E-05,369.2739325,1.95E-05
Chr2R,6600001,6700000,340.2907638,2.39E-05,371.2262878,2.60E-05
Chr2R,6700001,6800000,342.6769758,1.73E-05,373.8294282,1.89E-05
Chr2R,6800001,6900000,344.4069796,4.41E-05,375.716705,4.82E-05
Chr2R,6900001,7000000,348.8214718,2.27E-05,380.5325147,2.47E-05
Chr2R,7000001,7100000,351.0883733,1.49E-05,383.0054981,1.63E-05
Chr2R,7100001,7200000,352.5797558,7.76E-06,384.6324609,8.46E-06
Chr2R,7200001,7300000,353.3552747,1.37E-05,385.4784815,1.50E-05
Chr2R,7300001,7400000,354.7273467,2.15E-05,386.9752873,2.34E-05
Chr2R,7400001,7500000,356.8749375,4.24E-05,389.3181136,4.62E-05
Chr2R,7500001,7600000,361.1104639,1.13E-05,393.9386879,1.24E-05
Chr2R,7600001,7700000,362.2439146,7.16E-06,395.1751795,7.81E-06
Chr2R,7700001,7800000,362.9597782,1.61E-05,395.9561217,1.76E-05
Chr2R,7800001,7900000,364.5704713,4.53E-05,397.7132414,4.95E-05
Chr2R,7900001,8000000,369.1042742,1.43E-05,402.6592082,1.56E-05
Chr2R,8000001,8100000,370.5360014,3.22E-05,404.2210925,3.51E-05
Chr2R,8100001,8200000,373.7573877,1.85E-05,407.735332,2.02E-05
Chr2R,8200001,8300000,375.606702,1.85E-05,409.7527658,2.02E-05
Chr2R,8300001,8400000,377.4560164,2.15E-05,411.7701997,2.34E-05
Chr2R,8400001,8500000,379.6036072,3.76E-05,414.113026,4.10E-05
Chr2R,8500001,8600000,383.3618912,4.65E-05,418.2129722,5.08E-05
Chr2R,8600001,8700000,388.0150046,8.35E-06,423.289096,9.11E-06
Chr2R,8700001,8800000,388.8501789,3.16E-05,424.2001951,3.45E-05
Chr2R,8800001,8900000,392.0119098,1.31E-05,427.6493562,1.43E-05
Chr2R,8900001,9000000,393.3243264,5.97E-06,429.0810834,6.51E-06
Chr2R,9000001,9100000,393.9208794,1.31E-05,429.7318685,1.43E-05
Chr2R,9100001,9200000,395.2332961,1.31E-05,431.1635957,1.43E-05
Chr2R,9200001,9300000,396.5457127,9.54E-06,432.5953229,1.04E-05
Chr2R,9300001,9400000,397.5001975,1.25E-05,433.6365791,1.37E-05
Chr2R,9400001,9500000,398.7529588,1.55E-05,435.0032278,1.69E-05
Chr2R,9500001,9600000,400.3039967,5.97E-06,436.6952691,6.51E-06
Chr2R,9600001,9700000,400.9005497,1.97E-05,437.3460542,2.15E-05
Chr2R,9700001,9800000,402.8691746,1.19E-05,439.493645,1.30E-05
Chr2R,9800001,9900000,404.0622806,3.70E-05,440.7952152,4.03E-05
Chr2R,9900001,10000000,407.7609093,2.03E-05,444.8300829,2.21E-05
Chr2R,10000001,10100000,409.7891895,2.33E-05,447.0427522,2.54E-05
Chr2R,10100001,10200000,412.1157463,2.86E-05,449.5808141,3.12E-05
Chr2R,10200001,10300000,414.9792007,9.54E-06,452.7045826,1.04E-05
Chr2R,10300001,10400000,415.9336855,1.85E-05,453.7458388,2.02E-05
Chr2R,10400001,10500000,417.7829999,1.37E-05,455.7632726,1.50E-05
Chr2R,10500001,10600000,419.1550718,1.07E-05,457.2600783,1.17E-05
Chr2R,10600001,10700000,420.2288672,7.76E-06,458.4314915,8.46E-06
Chr2R,10700001,10800000,421.0043861,2.39E-05,459.2775121,2.60E-05
Chr2R,10800001,10900000,423.3905982,3.34E-05,461.8806525,3.64E-05
Chr2R,10900001,11000000,426.731295,5.97E-06,465.5250491,6.51E-06
Chr2R,11000001,11100000,427.327848,7.16E-06,466.1758342,7.81E-06
Chr2R,11100001,11200000,428.0437116,1.85E-05,466.9567763,2.02E-05
Chr2R,11200001,11300000,429.893026,7.16E-06,468.9742101,7.81E-06
Chr2R,11300001,11400000,430.6088896,2.45E-05,469.7551523,2.67E-05
Chr2R,11400001,11500000,433.0547569,1.61E-05,472.4233712,1.76E-05
Chr2R,11500001,11600000,434.6654501,2.27E-05,474.180491,2.47E-05
Chr2R,11600001,11700000,436.9323515,1.19E-05,476.6534744,1.30E-05
Chr2R,11700001,11800000,438.1254575,2.15E-05,477.9550446,2.34E-05
Chr2R,11800001,11900000,440.2730484,1.97E-05,480.2978709,2.15E-05
Chr2R,11900001,12000000,442.2416733,3.70E-05,482.4454618,4.03E-05
Chr2R,12000001,12100000,445.940302,4.47E-05,486.4803294,4.88E-05
Chr2R,12100001,12200000,450.4144495,1.73E-05,491.3612177,1.89E-05
Chr2R,12200001,12300000,452.1444533,2.45E-05,493.2484945,2.67E-05
Chr2R,12300001,12400000,454.5903206,2.51E-05,495.9167134,2.73E-05
Chr2R,12400001,12500000,457.0958432,4.47E-05,498.6500108,4.88E-05
Chr2R,12500001,12600000,461.5699908,1.97E-05,503.5308991,2.15E-05
Chr2R,12600001,12700000,463.5386158,1.13E-05,505.6784899,1.24E-05
Chr2R,12700001,12800000,464.6720665,1.61E-05,506.9149816,1.76E-05
Chr2R,12800001,12900000,466.2827596,8.95E-06,508.6721014,9.76E-06
Chr2R,12900001,13000000,467.1775891,1.61E-05,509.648279,1.76E-05
Chr2R,13000001,13100000,468.7882823,9.54E-06,511.4053988,1.04E-05
Chr2R,13100001,13200000,469.7427671,2.74E-05,512.446655,2.99E-05
Chr2R,13200001,13300000,472.4869109,1.55E-05,515.4402665,1.69E-05
Chr2R,13300001,13400000,474.0379487,2.98E-06,517.1323077,3.25E-06
Chr2R,13400001,13500000,474.3362252,1.67E-05,517.4577003,1.82E-05
Chr2R,13500001,13600000,476.0065737,1.31E-05,519.2798986,1.43E-05
Chr2R,13600001,13700000,477.3189903,2.21E-05,520.7116258,2.41E-05
Chr2R,13700001,13800000,479.5262364,4.30E-05,523.1195307,4.69E-05
Chr2R,13800001,13900000,483.8214181,2.45E-05,527.8051834,2.67E-05
Chr2R,13900001,14000000,486.2672855,1.73E-05,530.4734023,1.89E-05
Chr2R,14000001,14100000,487.9972892,3.10E-05,532.3606791,3.38E-05
Chr2R,14100001,14200000,491.0993648,1.73E-05,535.7447616,1.89E-05
Chr2R,14200001,14300000,492.8293686,1.79E-05,537.6320384,1.95E-05
Chr2R,14300001,14400000,494.6190276,1.73E-05,539.5843937,1.89E-05
Chr2R,14400001,14500000,496.3490313,4.00E-05,541.4716705,4.36E-05
Chr2R,14500001,14600000,500.3459365,2.03E-05,545.8319307,2.21E-05
Chr2R,14600001,14700000,502.3742167,4.89E-05,548.0446001,5.34E-05
Chr2R,14700001,14800000,507.2659514,1.97E-05,553.3810379,2.15E-05
Chr2R,14800001,14900000,509.2345764,2.27E-05,555.5286288,2.47E-05
Chr2R,14900001,15000000,511.5014778,3.10E-05,558.0016121,3.38E-05
Chr2R,15000001,15100000,514.6035535,2.68E-05,561.3856947,2.93E-05
Chr2R,15100001,15200000,517.288042,2.33E-05,564.3142276,2.54E-05
Chr2R,15200001,15300000,519.6145987,1.25E-05,566.8522895,1.37E-05
Chr2R,15300001,15400000,520.8673601,1.07E-05,568.2189383,1.17E-05
Chr2R,15400001,15500000,521.9411555,7.16E-06,569.3903514,7.81E-06
Chr2R,15500001,15600000,522.6570191,2.39E-06,570.1712936,2.60E-06
Chr2R,15600001,15700000,522.8956403,8.95E-06,570.4316076,9.76E-06
Chr2R,15700001,15800000,523.7904698,9.54E-06,571.4077853,1.04E-05
Chr2R,15800001,15900000,524.7449546,1.19E-06,572.4490414,1.30E-06
Chr2R,15900001,16000000,524.8642652,1.67E-05,572.5791984,1.82E-05
Chr2R,16000001,16100000,526.5346137,2.51E-05,574.4013967,2.73E-05
Chr2R,16100001,16200000,529.0401363,2.92E-05,577.1346942,3.19E-05
Chr2R,16200001,16300000,531.9632461,1.85E-05,580.3235412,2.02E-05
Chr2R,16300001,16400000,533.8125604,2.09E-05,582.340975,2.28E-05
Chr2R,16400001,16500000,535.9004959,3.70E-05,584.6187228,4.03E-05
Chr2R,16500001,16600000,539.5991246,1.97E-05,588.6535905,2.15E-05
Chr2R,16600001,16700000,541.5677495,1.49E-05,590.8011813,1.63E-05
Chr2R,16700001,16800000,543.0591321,3.94E-05,592.4281441,4.30E-05
Chr2R,16800001,16900000,546.9963819,1.43E-05,596.7233257,1.56E-05
Chr2R,16900001,17000000,548.4281091,2.98E-05,598.28521,3.25E-05
Chr2R,17000001,17100000,551.4108742,4.12E-05,601.5391355,4.49E-05
Chr2R,17100001,17200000,555.52709,1.43E-05,606.0295527,1.56E-05
Chr2R,17200001,17300000,556.9588172,1.37E-05,607.5914369,1.50E-05
Chr2R,17300001,17400000,558.3308891,3.34E-05,609.0882427,3.64E-05
Chr2R,17400001,17500000,561.671586,2.80E-05,612.7326393,3.06E-05
Chr2R,17500001,17600000,564.4753851,1.43E-05,615.7913292,1.56E-05
Chr2R,17600001,17700000,565.9071124,1.37E-05,617.3532135,1.50E-05
Chr2R,17700001,17800000,567.2791843,9.54E-06,618.8500192,1.04E-05
Chr2R,17800001,17900000,568.2336691,1.49E-05,619.8912754,1.63E-05
Chr2R,17900001,18000000,569.7250516,1.19E-05,621.5182381,1.30E-05
Chr2R,18000001,18100000,570.9181576,1.37E-05,622.8198083,1.50E-05
Chr2R,18100001,18200000,572.2902296,5.37E-06,624.3166141,5.86E-06
Chr2R,18200001,18300000,572.8271273,4.59E-05,624.9023207,5.01E-05
Chr2R,18300001,18400000,577.4205855,1.73E-05,629.913366,1.89E-05
Chr2R,18400001,18500000,579.1505892,8.95E-06,631.8006427,9.76E-06
Chr2R,18500001,18600000,580.0454187,1.25E-05,632.7768204,1.37E-05
Chr2R,18600001,18700000,581.29818,1.73E-05,634.1434691,1.89E-05
Chr2R,18700001,18800000,583.0281838,1.37E-05,636.0307459,1.50E-05
Chr2R,18800001,18900000,584.4002557,1.73E-05,637.5275516,1.89E-05
Chr2R,18900001,19000000,586.1302594,1.31E-05,639.4148284,1.43E-05
Chr2R,19000001,19100000,587.442676,7.76E-06,640.8465557,8.46E-06
Chr2R,19100001,19200000,588.2181949,4.77E-06,641.6925763,5.21E-06
Chr2R,19200001,19300000,588.6954374,4.12E-05,642.2132044,4.49E-05
Chr2R,19300001,19400000,592.8116531,3.52E-05,646.7036216,3.84E-05
Chr2R,19400001,19500000,596.3313159,2.09E-05,650.5432537,2.28E-05
Chr2R,19500001,19600000,598.4192514,3.22E-05,652.8210016,3.51E-05
Chr2R,19600001,19700000,601.6406377,1.01E-05,656.3352411,1.11E-05
Chr2R,19700001,19800000,602.6547778,1.19E-05,657.4415758,1.30E-05
Chr2R,19800001,19900000,603.8478838,8.35E-06,658.743146,9.11E-06
Chr2R,19900001,20000000,604.683058,9.54E-06,659.6542451,1.04E-05
Chr2R,20000001,20100000,605.6375428,1.91E-05,660.6955013,2.08E-05
Chr2R,20100001,20200000,607.5465125,7.16E-06,662.7780136,7.81E-06
Chr2R,20200001,20300000,608.2623761,1.31E-05,663.5589557,1.43E-05
Chr2R,20300001,20400000,609.5747927,7.16E-06,664.990683,7.81E-06
Chr2R,20400001,20500000,610.2906563,1.31E-05,665.7716251,1.43E-05
Chr2R,20500001,20600000,611.603073,1.01E-05,667.2033523,1.11E-05
Chr2R,20600001,20700000,612.6172131,1.97E-05,668.309687,2.15E-05
Chr2R,20700001,20800000,614.585838,1.19E-06,670.4572778,1.30E-06
Chr2R,20800001,20900000,614.7051486,5.97E-07,670.5874348,6.51E-07
Chr2R,20900001,21000000,614.7648039,5.50E-10,670.6525134,6.00E-10
Chr2R,21000001,21100000,614.7648589,5.50E-10,670.6525734,6.00E-10
Chr2R,21100001,21200000,614.7649139,5.50E-10,670.6526334,6.00E-10
Chr3L,1,100000,0,5.50E-10,0,6.00E-10
Chr3L,100001,200000,0.000055,1.14E-06,0.00006,1.25E-06
Chr3L,200001,300000,0.11427766,4.95E-06,0.1246665382,5.40E-06
Chr3L,300001,400000,0.6092425201,2.28E-06,0.6646282037,2.49E-06
Chr3L,400001,500000,0.8376878401,2.28E-06,0.9138412801,2.49E-06
Chr3L,500001,600000,1.06613316,7.23E-06,1.163054356,7.89E-06
Chr3L,600001,700000,1.78954334,1.33E-05,1.952229098,1.45E-05
Chr3L,700001,800000,3.12214104,8.00E-06,3.405972044,8.72E-06
Chr3L,800001,900000,3.92169966,7.23E-06,4.278217811,7.89E-06
Chr3L,900001,1000000,4.64510984,1.48E-05,5.067392553,1.62E-05
Chr3L,1000001,1100000,6.130004421,1.26E-05,6.68727755,1.37E-05
Chr3L,1100001,1200000,7.386453681,9.14E-06,8.05794947,9.97E-06
Chr3L,1200001,1300000,8.300234961,8.38E-06,9.054801775,9.14E-06
Chr3L,1300001,1400000,9.137867801,2.02E-05,9.968583055,2.20E-05
Chr3L,1400001,1500000,11.15580146,1.94E-05,12.16996523,2.12E-05
Chr3L,1500001,1600000,13.09758668,9.14E-06,14.28827638,9.97E-06
Chr3L,1600001,1700000,14.01136796,7.61E-06,15.28512868,8.31E-06
Chr3L,1700001,1800000,14.77285236,1.75E-05,16.11583894,1.91E-05
Chr3L,1800001,1900000,16.52426648,2.17E-05,18.02647253,2.37E-05
Chr3L,1900001,2000000,18.69449702,8.00E-06,20.39399675,8.72E-06
Chr3L,2000001,2100000,19.49405564,2.67E-05,21.26624252,2.91E-05
Chr3L,2100001,2200000,22.15925104,1.10E-05,24.17372841,1.20E-05
Chr3L,2200001,2300000,23.26340342,1.14E-05,25.37825828,1.25E-05
Chr3L,2300001,2400000,24.40563002,6.85E-06,26.62432366,7.48E-06
Chr3L,2400001,2500000,25.09096598,2.44E-05,27.37196289,2.66E-05
Chr3L,2500001,2600000,27.52771606,1.52E-05,30.0302357,1.66E-05
Chr3L,2600001,2700000,29.05068486,3.01E-05,31.69165621,3.28E-05
Chr3L,2700001,2800000,32.05854824,5.33E-06,34.97296172,5.81E-06
Chr3L,2800001,2900000,32.59158732,1.10E-05,35.5544589,1.20E-05
Chr3L,2900001,3000000,33.6957397,6.47E-06,36.75898877,7.06E-06
Chr3L,3000001,3100000,34.34300144,7.23E-06,37.46509248,7.89E-06
Chr3L,3100001,3200000,35.06641162,1.14E-05,38.25426723,1.25E-05
Chr3L,3200001,3300000,36.20863822,6.85E-06,39.50033261,7.48E-06
Chr3L,3300001,3400000,36.89397418,1.22E-05,40.24797184,1.33E-05
Chr3L,3400001,3500000,38.11234922,8.00E-06,41.57710824,8.72E-06
Chr3L,3500001,3600000,38.91190784,6.09E-06,42.44935401,6.65E-06
Chr3L,3600001,3700000,39.52109536,2.25E-05,43.11392221,2.45E-05
Chr3L,3700001,3800000,41.76747434,2.47E-05,45.56451747,2.70E-05
Chr3L,3800001,3900000,44.24229864,1.98E-05,48.26432579,2.16E-05
Chr3L,3900001,4000000,46.22215808,1.33E-05,50.42417246,1.45E-05
Chr3L,4000001,4100000,47.55475578,1.56E-05,51.8779154,1.70E-05
Chr3L,4100001,4200000,49.1157988,1.26E-05,53.58087142,1.37E-05
Chr3L,4200001,4300000,50.37224806,1.94E-05,54.95154334,2.12E-05
Chr3L,4300001,4400000,52.31403328,1.22E-05,57.06985449,1.33E-05
Chr3L,4400001,4500000,53.53240832,2.25E-05,58.3989909,2.45E-05
Chr3L,4500001,4600000,55.7787873,3.62E-05,60.84958615,3.95E-05
Chr3L,4600001,4700000,59.39583821,1.22E-05,64.79545986,1.33E-05
Chr3L,4700001,4800000,60.61421325,1.18E-05,66.12459627,1.29E-05
Chr3L,4800001,4900000,61.79451407,1.71E-05,67.41219716,1.87E-05
Chr3L,4900001,5000000,63.50785397,2.78E-05,69.28129523,3.03E-05
Chr3L,5000001,5100000,66.28727203,8.38E-06,72.31338766,9.14E-06
Chr3L,5100001,5200000,67.12490487,2.82E-05,73.22716894,3.07E-05
Chr3L,5200001,5300000,69.94239715,1.45E-05,76.30079689,1.58E-05
Chr3L,5300001,5400000,71.38921751,9.52E-06,77.87914637,1.04E-05
Chr3L,5400001,5500000,72.34107301,1.03E-05,78.91753419,1.12E-05
Chr3L,5500001,5600000,73.36907695,9.90E-06,80.03899303,1.08E-05
Chr3L,5600001,5700000,74.35900667,1.29E-05,81.11891636,1.41E-05
Chr3L,5700001,5800000,75.65353015,1.52E-05,82.5311238,1.66E-05
Chr3L,5800001,5900000,77.17649895,8.00E-06,84.19254431,8.72E-06
Chr3L,5900001,6000000,77.97605757,4.95E-06,85.06479007,5.40E-06
Chr3L,6000001,6100000,78.47102243,7.23E-06,85.60475174,7.89E-06
Chr3L,6100001,6200000,79.19443261,4.95E-06,86.39392648,5.40E-06
Chr3L,6200001,6300000,79.68939747,1.18E-05,86.93388815,1.29E-05
Chr3L,6300001,6400000,80.86969829,5.71E-06,88.22148904,6.23E-06
Chr3L,6400001,6500000,81.44081159,1.75E-05,88.84452173,1.91E-05
Chr3L,6500001,6600000,83.19222571,3.81E-06,90.75515532,4.15E-06
Chr3L,6600001,6700000,83.57296791,7.61E-06,91.17051044,8.31E-06
Chr3L,6700001,6800000,84.33445231,9.14E-06,92.0012207,9.97E-06
Chr3L,6800001,6900000,85.24823359,1.71E-05,92.998073,1.87E-05
Chr3L,6900001,7000000,86.96157349,1.45E-05,94.86717108,1.58E-05
Chr3L,7000001,7100000,88.40839385,2.82E-05,96.44552056,3.07E-05
Chr3L,7100001,7200000,91.22588613,1.83E-05,99.5191485,1.99E-05
Chr3L,7200001,7300000,93.05344869,1.07E-05,101.5128531,1.16E-05
Chr3L,7300001,7400000,94.11952685,1.71E-05,102.6758475,1.87E-05
Chr3L,7400001,7500000,95.83286675,1.10E-05,104.5449455,1.20E-05
Chr3L,7500001,7600000,96.93701913,6.09E-06,105.7494754,6.65E-06
Chr3L,7600001,7700000,97.54620665,4.57E-06,106.4140436,4.98E-06
Chr3L,7700001,7800000,98.00309729,1.79E-05,106.9124698,1.95E-05
Chr3L,7800001,7900000,99.79258563,1.48E-05,108.8646389,1.62E-05
Chr3L,7900001,8000000,101.2774802,2.44E-05,110.4845239,2.66E-05
Chr3L,8000001,8100000,103.7142303,1.03E-05,113.1427967,1.12E-05
Chr3L,8100001,8200000,104.7422342,1.07E-05,114.2642555,1.16E-05
Chr3L,8200001,8300000,105.8083124,1.22E-05,115.4272499,1.33E-05
Chr3L,8300001,8400000,107.0266874,1.45E-05,116.7563863,1.58E-05
Chr3L,8400001,8500000,108.4735078,2.13E-05,118.3347358,2.33E-05
Chr3L,8500001,8600000,110.6056641,2.02E-05,120.6607245,2.20E-05
Chr3L,8600001,8700000,112.6235978,2.13E-05,122.8621067,2.33E-05
Chr3L,8700001,8800000,114.7557541,1.45E-05,125.1880954,1.58E-05
Chr3L,8800001,8900000,116.2025744,8.00E-06,126.7664449,8.72E-06
Chr3L,8900001,9000000,117.0021331,6.09E-06,127.6386906,6.65E-06
Chr3L,9000001,9100000,117.6113206,2.78E-05,128.3032588,3.03E-05
Chr3L,9100001,9200000,120.3907387,4.30E-05,131.3353513,4.69E-05
Chr3L,9200001,9300000,124.6931255,1.60E-05,136.0288642,1.74E-05
Chr3L,9300001,9400000,126.2922428,3.81E-06,137.7733557,4.15E-06
Chr3L,9400001,9500000,126.672985,2.02E-05,138.1887109,2.20E-05
Chr3L,9500001,9600000,128.6909186,1.75E-05,140.390093,1.91E-05
Chr3L,9600001,9700000,130.4423327,1.87E-05,142.3007266,2.04E-05
Chr3L,9700001,9800000,132.3079695,6.09E-06,144.3359667,6.65E-06
Chr3L,9800001,9900000,132.917157,1.41E-05,145.0005349,1.54E-05
Chr3L,9900001,10000000,134.3259032,5.71E-06,146.5373489,6.23E-06
Chr3L,10000001,10100000,134.8970165,1.60E-05,147.1603816,1.74E-05
Chr3L,10100001,10200000,136.4961337,6.47E-06,148.9048731,7.06E-06
Chr3L,10200001,10300000,137.1433955,1.14E-05,149.6109769,1.25E-05
Chr3L,10300001,10400000,138.2856221,2.89E-05,150.8570422,3.16E-05
Chr3L,10400001,10500000,141.1792628,4.15E-05,154.0137412,4.53E-05
Chr3L,10500001,10600000,145.3293528,1.90E-05,158.5411121,2.08E-05
Chr3L,10600001,10700000,147.2330638,2.17E-05,160.6178877,2.37E-05
Chr3L,10700001,10800000,149.4032943,1.94E-05,162.985412,2.12E-05
Chr3L,10800001,10900000,151.3450795,2.36E-05,165.1037231,2.58E-05
Chr3L,10900001,11000000,153.7056812,2.32E-05,167.6789249,2.53E-05
Chr3L,11000001,11100000,156.0282086,1.71E-05,170.2125912,1.87E-05
Chr3L,11100001,11200000,157.7415485,2.25E-05,172.0816892,2.45E-05
Chr3L,11200001,11300000,159.9879275,1.68E-05,174.5322845,1.83E-05
Chr3L,11300001,11400000,161.6631931,1.75E-05,176.3598471,1.91E-05
Chr3L,11400001,11500000,163.4146073,1.52E-05,178.2704806,1.66E-05
Chr3L,11500001,11600000,164.9375761,3.43E-06,179.9319011,3.74E-06
Chr3L,11600001,11700000,165.280244,2.28E-06,180.3057208,2.49E-06
Chr3L,11700001,11800000,165.5086894,9.14E-06,180.5549338,9.97E-06
Chr3L,11800001,11900000,166.4224706,1.03E-05,181.5517861,1.12E-05
Chr3L,11900001,12000000,167.4504746,1.90E-05,182.673245,2.08E-05
Chr3L,12000001,12100000,169.3541856,8.00E-06,184.7500206,8.72E-06
Chr3L,12100001,12200000,170.1537442,8.76E-06,185.6222664,9.55E-06
Chr3L,12200001,12300000,171.0294513,1.22E-05,186.5775832,1.33E-05
Chr3L,12300001,12400000,172.2478263,3.27E-05,187.9067196,3.57E-05
Chr3L,12400001,12500000,175.5222092,3.58E-05,191.4787737,3.90E-05
Chr3L,12500001,12600000,179.1011859,2.32E-05,195.3831119,2.53E-05
Chr3L,12600001,12700000,181.4237133,1.22E-05,197.9167782,1.33E-05
Chr3L,12700001,12800000,182.6420884,1.87E-05,199.2459146,2.04E-05
Chr3L,12800001,12900000,184.5077251,1.45E-05,201.2811547,1.58E-05
Chr3L,12900001,13000000,185.9545455,1.03E-05,202.8595042,1.12E-05
Chr3L,13000001,13100000,186.9825494,1.22E-05,203.980963,1.33E-05
Chr3L,13100001,13200000,188.2009245,1.03E-05,205.3100994,1.12E-05
Chr3L,13200001,13300000,189.2289284,8.38E-06,206.4315583,9.14E-06
Chr3L,13300001,13400000,190.0665613,7.23E-06,207.3453396,7.89E-06
Chr3L,13400001,13500000,190.7899714,8.00E-06,208.1345143,8.72E-06
Chr3L,13500001,13600000,191.5895301,2.67E-06,209.0067601,2.91E-06
Chr3L,13600001,13700000,191.8560496,3.81E-06,209.2975087,4.15E-06
Chr3L,13700001,13800000,192.2367918,6.85E-06,209.7128638,7.48E-06
Chr3L,13800001,13900000,192.9221278,1.79E-05,210.460503,1.95E-05
Chr3L,13900001,14000000,194.7116161,1.07E-05,212.4126721,1.16E-05
Chr3L,14000001,14100000,195.7776943,5.33E-06,213.5756665,5.81E-06
Chr3L,14100001,14200000,196.3107333,1.26E-05,214.1571636,1.37E-05
Chr3L,14200001,14300000,197.5671826,7.61E-06,215.5278356,8.31E-06
Chr3L,14300001,14400000,198.328667,4.95E-06,216.3585458,5.40E-06
Chr3L,14400001,14500000,198.8236319,6.09E-06,216.8985075,6.65E-06
Chr3L,14500001,14600000,199.4328194,1.90E-06,217.5630757,2.08E-06
Chr3L,14600001,14700000,199.6231905,2.67E-06,217.7707532,2.91E-06
Chr3L,14700001,14800000,199.88971,4.19E-06,218.0615018,4.57E-06
Chr3L,14800001,14900000,200.3085264,1.90E-06,218.5183925,2.08E-06
Chr3L,14900001,15000000,200.4988975,4.19E-06,218.72607,4.57E-06
Chr3L,15000001,15100000,200.917714,5.71E-06,219.1829607,6.23E-06
Chr3L,15100001,15200000,201.4888273,8.76E-06,219.8059934,9.55E-06
Chr3L,15200001,15300000,202.3645343,8.00E-06,220.7613102,8.72E-06
Chr3L,15300001,15400000,203.1640929,9.14E-06,221.6335559,9.97E-06
Chr3L,15400001,15500000,204.0778742,6.85E-06,222.6304082,7.48E-06
Chr3L,15500001,15600000,204.7632102,8.38E-06,223.3780475,9.14E-06
Chr3L,15600001,15700000,205.600843,2.02E-05,224.2918287,2.20E-05
Chr3L,15700001,15800000,207.6187767,4.19E-06,226.4932109,4.57E-06
Chr3L,15800001,15900000,208.0375931,1.37E-05,226.9501016,1.50E-05
Chr3L,15900001,16000000,209.408265,6.47E-06,228.44538,7.06E-06
Chr3L,16000001,16100000,210.0555268,1.29E-05,229.1514837,1.41E-05
Chr3L,16100001,16200000,211.3500502,3.05E-06,230.5636912,3.32E-06
Chr3L,16200001,16300000,211.654644,8.38E-06,230.8959753,9.14E-06
Chr3L,16300001,16400000,212.4922768,1.83E-05,231.8097566,1.99E-05
Chr3L,16400001,16500000,214.3198394,1.18E-05,233.8034612,1.29E-05
Chr3L,16500001,16600000,215.5001402,4.95E-06,235.0910621,5.40E-06
Chr3L,16600001,16700000,215.9951051,6.47E-06,235.6310237,7.06E-06
Chr3L,16700001,16800000,216.6423668,8.00E-06,236.3371274,8.72E-06
Chr3L,16800001,16900000,217.4419254,4.19E-06,237.2093732,4.57E-06
Chr3L,16900001,17000000,217.8607419,8.00E-06,237.6662638,8.72E-06
Chr3L,17000001,17100000,218.6603005,1.98E-05,238.5385096,2.16E-05
Chr3L,17100001,17200000,220.6401599,1.83E-05,240.6983563,1.99E-05
Chr3L,17200001,17300000,222.4677225,1.03E-05,242.6920609,1.12E-05
Chr3L,17300001,17400000,223.4957264,8.76E-06,243.8135197,9.55E-06
Chr3L,17400001,17500000,224.3714335,1.18E-05,244.7688365,1.29E-05
Chr3L,17500001,17600000,225.5517343,7.23E-06,246.0564374,7.89E-06
Chr3L,17600001,17700000,226.2751445,1.52E-06,246.8456122,1.66E-06
Chr3L,17700001,17800000,226.4274414,7.61E-07,247.0117542,8.31E-07
Chr3L,17800001,17900000,226.5035898,7.23E-06,247.0948252,7.89E-06
Chr3L,17900001,18000000,227.227,3.81E-06,247.884,4.15E-06
Chr3L,18000001,18100000,227.6077422,9.90E-06,248.2993551,1.08E-05
Chr3L,18100001,18200000,228.5976719,4.57E-06,249.3792784,4.98E-06
Chr3L,18200001,18300000,229.0545625,3.81E-07,249.8777046,4.15E-07
Chr3L,18300001,18400000,229.0926368,7.61E-07,249.9192401,8.31E-07
Chr3L,18400001,18500000,229.1687852,7.23E-06,250.0023111,7.89E-06
Chr3L,18500001,18600000,229.8921954,2.67E-06,250.7914859,2.91E-06
Chr3L,18600001,18700000,230.1587149,3.81E-06,251.0822345,4.15E-06
Chr3L,18700001,18800000,230.5394571,5.71E-06,251.4975896,6.23E-06
Chr3L,18800001,18900000,231.1105704,1.18E-05,252.1206223,1.29E-05
Chr3L,18900001,19000000,232.2908712,4.95E-06,253.4082232,5.40E-06
Chr3L,19000001,19100000,232.7858361,4.57E-06,253.9481848,4.98E-06
Chr3L,19100001,19200000,233.2427267,3.81E-06,254.446611,4.15E-06
Chr3L,19200001,19300000,233.6234689,2.67E-06,254.8619661,2.91E-06
Chr3L,19300001,19400000,233.8899885,1.52E-05,255.1527147,1.66E-05
Chr3L,19400001,19500000,235.4129573,2.28E-06,256.8141352,2.49E-06
Chr3L,19500001,19600000,235.6414026,1.29E-05,257.0633483,1.41E-05
Chr3L,19600001,19700000,236.9359261,2.28E-06,258.4755557,2.49E-06
Chr3L,19700001,19800000,237.1643714,2.28E-06,258.7247688,2.49E-06
Chr3L,19800001,19900000,237.3928167,1.64E-05,258.9739819,1.79E-05
Chr3L,19900001,20000000,239.0300082,1.14E-06,260.7600089,1.25E-06
Chr3L,20000001,20100000,239.1442308,7.61E-07,260.8846155,8.31E-07
Chr3L,20100001,20200000,239.2203793,5.50E-10,260.9676865,6.00E-10
Chr3L,20200001,20300000,239.2204343,7.61E-06,260.9677465,8.31E-06
Chr3L,20300001,20400000,239.9819187,7.61E-07,261.7984567,8.31E-07
Chr3L,20400001,20500000,240.0580671,2.28E-06,261.8815278,2.49E-06
Chr3L,20500001,20600000,240.2865124,1.90E-06,262.1307408,2.08E-06
Chr3L,20600001,20700000,240.4768835,5.50E-10,262.3384184,6.00E-10
Chr3L,20700001,20800000,240.4769385,1.14E-06,262.3384784,1.25E-06
Chr3L,20800001,20900000,240.5911612,7.61E-07,262.4630849,8.31E-07
Chr3L,20900001,21000000,240.6673096,1.52E-06,262.546156,1.66E-06
Chr3L,21000001,21100000,240.8196065,3.81E-07,262.712298,4.15E-07
Chr3L,21100001,21200000,240.8576807,3.81E-07,262.7538335,4.15E-07
Chr3L,21200001,21300000,240.895755,7.61E-07,262.795369,8.31E-07
Chr3L,21300001,21400000,240.9719034,3.81E-07,262.8784401,4.15E-07
Chr3L,21400001,21500000,241.0099776,5.50E-10,262.9199756,6.00E-10
Chr3L,21500001,21600000,241.0100326,1.90E-06,262.9200356,2.08E-06
Chr3L,21600001,21700000,241.2004037,6.47E-06,263.1277131,7.06E-06
Chr3L,21700001,21800000,241.8476655,5.50E-10,263.8338169,6.00E-10
Chr3L,21800001,21900000,241.8477205,7.61E-07,263.8338769,8.31E-07
Chr3L,21900001,22000000,241.9238689,5.50E-10,263.9169479,6.00E-10
Chr3L,22000001,22100000,241.9239239,5.50E-10,263.9170079,6.00E-10
Chr3L,22100001,22200000,241.9239789,5.50E-10,263.9170679,6.00E-10
Chr3L,22200001,22300000,241.9240339,7.61E-07,263.9171279,8.31E-07
Chr3L,22300001,22400000,242.0001823,3.81E-07,264.0001989,4.15E-07
Chr3L,22400001,22500000,242.0382566,5.50E-10,264.0417344,6.00E-10
Chr3L,22500001,22600000,242.0383116,5.50E-10,264.0417944,6.00E-10
Chr3L,22600001,22700000,242.0383666,5.50E-10,264.0418544,6.00E-10
Chr3L,22700001,22800000,242.0384216,3.81E-07,264.0419144,4.15E-07
Chr3L,22800001,22900000,242.0764958,1.52E-06,264.0834499,1.66E-06
Chr3L,22900001,23000000,242.2287927,5.50E-10,264.249592,6.00E-10
Chr3L,23000001,23100000,242.2288477,3.81E-07,264.249652,4.15E-07
Chr3L,23100001,23200000,242.2669219,5.50E-10,264.2911875,6.00E-10
Chr3L,23200001,23300000,242.2669769,5.50E-10,264.2912475,6.00E-10
Chr3L,23300001,23400000,242.2670319,5.50E-10,264.2913075,6.00E-10
Chr3L,23400001,23500000,242.2670869,3.81E-07,264.2913675,4.15E-07
Chr3L,23500001,23600000,242.3051611,5.50E-10,264.332903,6.00E-10
Chr3L,23600001,23700000,242.3052161,3.81E-07,264.332963,4.15E-07
Chr3L,23700001,23800000,242.3432903,7.61E-07,264.3744985,8.31E-07
Chr3L,23800001,23900000,242.4194388,5.50E-10,264.4575696,6.00E-10
Chr3L,23900001,24000000,242.4194938,3.81E-07,264.4576296,4.15E-07
Chr3L,24000001,24100000,242.457568,5.50E-10,264.4991651,6.00E-10
Chr3L,24100001,24200000,242.457623,5.50E-10,264.4992251,6.00E-10
Chr3L,24200001,24300000,242.457678,5.50E-10,264.4992851,6.00E-10
Chr3L,24300001,24400000,242.457733,5.50E-10,264.4993451,6.00E-10
Chr3L,24400001,24500000,242.457788,5.50E-10,264.4994051,6.00E-10
Chr3L,24500001,24600000,242.457843,5.50E-10,264.4994651,6.00E-10
Chr3R,1,100000,242.457898,5.50E-10,264.4995251,6.00E-10
Chr3R,100001,200000,242.457953,5.50E-10,264.4995851,6.00E-10
Chr3R,200001,300000,242.458008,5.50E-10,264.4996451,6.00E-10
Chr3R,300001,400000,242.458063,5.50E-10,264.4997051,6.00E-10
Chr3R,400001,500000,242.458118,5.50E-10,264.4997651,6.00E-10
Chr3R,500001,600000,242.458173,5.50E-10,264.4998251,6.00E-10
Chr3R,600001,700000,242.458228,5.98E-07,264.4998851,6.53E-07
Chr3R,700001,800000,242.5180758,5.50E-10,264.5651736,6.00E-10
Chr3R,800001,900000,242.5181308,5.50E-10,264.5652336,6.00E-10
Chr3R,900001,1000000,242.5181858,5.50E-10,264.5652936,6.00E-10
Chr3R,1000001,1100000,242.5182408,5.50E-10,264.5653536,6.00E-10
Chr3R,1100001,1200000,242.5182958,5.50E-10,264.5654136,6.00E-10
Chr3R,1200001,1300000,242.5183508,5.50E-10,264.5654736,6.00E-10
Chr3R,1300001,1400000,242.5184058,5.50E-10,264.5655336,6.00E-10
Chr3R,1400001,1500000,242.5184608,5.50E-10,264.5655936,6.00E-10
Chr3R,1500001,1600000,242.5185158,5.50E-10,264.5656536,6.00E-10
Chr3R,1600001,1700000,242.5185708,5.98E-07,264.5657136,6.53E-07
Chr3R,1700001,1800000,242.5784185,5.50E-10,264.631002,6.00E-10
Chr3R,1800001,1900000,242.5784735,5.98E-07,264.631062,6.53E-07
Chr3R,1900001,2000000,242.6383213,5.50E-10,264.6963505,6.00E-10
Chr3R,2000001,2100000,242.6383763,1.20E-06,264.6964105,1.31E-06
Chr3R,2100001,2200000,242.7580719,5.50E-10,264.8269875,6.00E-10
Chr3R,2200001,2300000,242.7581269,5.50E-10,264.8270475,6.00E-10
Chr3R,2300001,2400000,242.7581819,1.80E-06,264.8271075,1.96E-06
Chr3R,2400001,2500000,242.9377252,5.50E-10,265.0229729,6.00E-10
Chr3R,2500001,2600000,242.9377802,5.50E-10,265.0230329,6.00E-10
Chr3R,2600001,2700000,242.9378352,1.80E-06,265.0230929,1.96E-06
Chr3R,2700001,2800000,243.1173785,1.20E-06,265.2189584,1.31E-06
Chr3R,2800001,2900000,243.2370741,5.98E-07,265.3495354,6.53E-07
Chr3R,2900001,3000000,243.2969219,5.50E-10,265.4148238,6.00E-10
Chr3R,3000001,3100000,243.2969769,5.50E-10,265.4148838,6.00E-10
Chr3R,3100001,3200000,243.2970319,1.80E-06,265.4149438,1.96E-06
Chr3R,3200001,3300000,243.4765752,3.59E-06,265.6108093,3.92E-06
Chr3R,3300001,3400000,243.8356618,1.20E-06,266.0025402,1.31E-06
Chr3R,3400001,3500000,243.9553574,5.98E-07,266.1331172,6.53E-07
Chr3R,3500001,3600000,244.0152052,5.98E-06,266.1984056,6.53E-06
Chr3R,3600001,3700000,244.6136829,4.19E-06,266.8512905,4.57E-06
Chr3R,3700001,3800000,245.0326174,1.08E-05,267.3083099,1.18E-05
Chr3R,3800001,3900000,246.1098774,5.98E-07,268.4835026,6.53E-07
Chr3R,3900001,4000000,246.1697251,4.19E-06,268.5487911,4.57E-06
Chr3R,4000001,4100000,246.5886596,5.39E-06,269.0058104,5.88E-06
Chr3R,4100001,4200000,247.1272896,1.02E-05,269.5934068,1.11E-05
Chr3R,4200001,4300000,248.1447018,1.50E-05,270.703311,1.63E-05
Chr3R,4300001,4400000,249.6408962,2.99E-06,272.3355231,3.26E-06
Chr3R,4400001,4500000,249.9401351,5.50E-10,272.6619655,6.00E-10
Chr3R,4500001,4600000,249.9401901,1.80E-06,272.6620255,1.96E-06
Chr3R,4600001,4700000,250.1197334,5.98E-06,272.857891,6.53E-06
Chr3R,4700001,4800000,250.7182112,1.20E-05,273.5107758,1.31E-05
Chr3R,4800001,4900000,251.9151667,1.80E-06,274.8165455,1.96E-06
Chr3R,4900001,5000000,252.09471,7.18E-06,275.0124109,7.83E-06
Chr3R,5000001,5100000,252.8128833,5.39E-06,275.7958727,5.88E-06
Chr3R,5100001,5200000,253.3515133,1.20E-06,276.3834691,1.31E-06
Chr3R,5200001,5300000,253.4712089,5.50E-10,276.5140461,6.00E-10
Chr3R,5300001,5400000,253.4712639,4.19E-06,276.5141061,4.57E-06
Chr3R,5400001,5500000,253.8901983,2.39E-06,276.9711254,2.61E-06
Chr3R,5500001,5600000,254.1295894,4.79E-06,277.2322794,5.22E-06
Chr3R,5600001,5700000,254.6083716,7.18E-06,277.7545873,7.83E-06
Chr3R,5700001,5800000,255.326545,7.78E-06,278.5380491,8.49E-06
Chr3R,5800001,5900000,256.1045661,1.80E-06,279.3867993,1.96E-06
Chr3R,5900001,6000000,256.2841094,1.20E-06,279.5826648,1.31E-06
Chr3R,6000001,6100000,256.4038049,5.98E-07,279.7132418,6.53E-07
Chr3R,6100001,6200000,256.4636527,2.99E-06,279.7785302,3.26E-06
Chr3R,6200001,6300000,256.7628916,2.99E-06,280.1049727,3.26E-06
Chr3R,6300001,6400000,257.0621305,6.58E-06,280.4314151,7.18E-06
Chr3R,6400001,6500000,257.720456,5.39E-06,281.1495884,5.88E-06
Chr3R,6500001,6600000,258.259086,5.39E-06,281.7371848,5.88E-06
Chr3R,6600001,6700000,258.797716,5.98E-06,282.3247811,6.53E-06
Chr3R,6700001,6800000,259.3961938,5.39E-06,282.9776659,5.88E-06
Chr3R,6800001,6900000,259.9348238,2.09E-05,283.5652623,2.29E-05
Chr3R,6900001,7000000,262.029496,4.79E-06,285.8503592,5.22E-06
Chr3R,7000001,7100000,262.5082782,1.56E-05,286.3726671,1.70E-05
Chr3R,7100001,7200000,264.0643204,1.02E-05,288.0701677,1.11E-05
Chr3R,7200001,7300000,265.0817326,1.50E-05,289.1800719,1.63E-05
Chr3R,7300001,7400000,266.577927,6.58E-06,290.812284,7.18E-06
Chr3R,7400001,7500000,267.2362525,7.18E-06,291.5304573,7.83E-06
Chr3R,7500001,7600000,267.9544258,5.98E-06,292.3139191,6.53E-06
Chr3R,7600001,7700000,268.5529036,4.19E-06,292.9668039,4.57E-06
Chr3R,7700001,7800000,268.971838,3.59E-06,293.4238233,3.92E-06
Chr3R,7800001,7900000,269.3309247,9.58E-06,293.8155542,1.04E-05
Chr3R,7900001,8000000,270.2884891,7.18E-06,294.86017,7.83E-06
Chr3R,8000001,8100000,271.0066625,9.58E-06,295.6436318,1.04E-05
Chr3R,8100001,8200000,271.9642269,3.59E-06,296.6882475,3.92E-06
Chr3R,8200001,8300000,272.3233135,1.80E-06,297.0799784,1.96E-06
Chr3R,8300001,8400000,272.5028569,1.38E-05,297.2758439,1.50E-05
Chr3R,8400001,8500000,273.8793557,8.98E-06,298.777479,9.79E-06
Chr3R,8500001,8600000,274.7770724,2.39E-06,299.7568062,2.61E-06
Chr3R,8600001,8700000,275.0164635,7.18E-06,300.0179602,7.83E-06
Chr3R,8700001,8800000,275.7346368,8.98E-06,300.801422,9.79E-06
Chr3R,8800001,8900000,276.6323535,1.68E-05,301.7807492,1.83E-05
Chr3R,8900001,9000000,278.3080912,4.79E-06,303.6088268,5.22E-06
Chr3R,9000001,9100000,278.7868734,1.80E-06,304.1311346,1.96E-06
Chr3R,9100001,9200000,278.9664168,4.19E-06,304.3270001,4.57E-06
Chr3R,9200001,9300000,279.3853512,4.79E-06,304.7840195,5.22E-06
Chr3R,9300001,9400000,279.8641334,2.99E-06,305.3063274,3.26E-06
Chr3R,9400001,9500000,280.1633723,4.79E-06,305.6327698,5.22E-06
Chr3R,9500001,9600000,280.6421545,1.02E-05,306.1550776,1.11E-05
Chr3R,9600001,9700000,281.6595667,1.68E-05,307.2649819,1.83E-05
Chr3R,9700001,9800000,283.3353045,4.13E-05,309.0930594,4.50E-05
Chr3R,9800001,9900000,287.464801,1.80E-05,313.5979648,1.96E-05
Chr3R,9900001,10000000,289.2602343,1.08E-05,315.5566193,1.18E-05
Chr3R,10000001,10100000,290.3374943,8.98E-06,316.731812,9.79E-06
Chr3R,10100001,10200000,291.235211,4.43E-05,317.7111392,4.83E-05
Chr3R,10200001,10300000,295.6639464,1.08E-05,322.542487,1.18E-05
Chr3R,10300001,10400000,296.7412064,8.98E-06,323.7176797,9.79E-06
Chr3R,10400001,10500000,297.6389231,1.80E-05,324.697007,1.96E-05
Chr3R,10500001,10600000,299.4343564,4.79E-06,326.6556615,5.22E-06
Chr3R,10600001,10700000,299.9131386,1.08E-05,327.1779694,1.18E-05
Chr3R,10700001,10800000,300.9903986,2.15E-05,328.3531621,2.35E-05
Chr3R,10800001,10900000,303.1449185,2.21E-05,330.7035475,2.42E-05
Chr3R,10900001,11000000,305.3592863,1.02E-05,333.1192214,1.11E-05
Chr3R,11000001,11100000,306.3766985,1.50E-05,334.2291256,1.63E-05
Chr3R,11100001,11200000,307.8728929,2.99E-05,335.8613377,3.26E-05
Chr3R,11200001,11300000,310.8652817,1.44E-05,339.1257619,1.57E-05
Chr3R,11300001,11400000,312.3016284,4.19E-06,340.6926855,4.57E-06
Chr3R,11400001,11500000,312.7205628,2.03E-05,341.1497049,2.22E-05
Chr3R,11500001,11600000,314.7553872,1.56E-05,343.3695133,1.70E-05
Chr3R,11600001,11700000,316.3114294,9.58E-06,345.0670139,1.04E-05
Chr3R,11700001,11800000,317.2689938,4.19E-06,346.1116296,4.57E-06
Chr3R,11800001,11900000,317.6879283,1.08E-05,346.568649,1.18E-05
Chr3R,11900001,12000000,318.7651882,7.18E-06,347.7438417,7.83E-06
Chr3R,12000001,12100000,319.4833616,4.19E-06,348.5273035,4.57E-06
Chr3R,12100001,12200000,319.902296,9.58E-06,348.9843229,1.04E-05
Chr3R,12200001,12300000,320.8598604,1.02E-05,350.0289387,1.11E-05
Chr3R,12300001,12400000,321.8772726,3.59E-06,351.1388429,3.92E-06
Chr3R,12400001,12500000,322.2363593,7.78E-06,351.5305738,8.49E-06
Chr3R,12500001,12600000,323.0143804,4.19E-06,352.3793241,4.57E-06
Chr3R,12600001,12700000,323.4333148,2.39E-06,352.8363434,2.61E-06
Chr3R,12700001,12800000,323.6727059,4.19E-06,353.0974974,4.57E-06
Chr3R,12800001,12900000,324.0916404,7.78E-06,353.5545168,8.49E-06
Chr3R,12900001,13000000,324.8696615,9.58E-06,354.4032671,1.04E-05
Chr3R,13000001,13100000,325.8272259,2.99E-06,355.4478828,3.26E-06
Chr3R,13100001,13200000,326.1264648,9.58E-06,355.7743252,1.04E-05
Chr3R,13200001,13300000,327.0840292,8.38E-06,356.818941,9.14E-06
Chr3R,13300001,13400000,327.9218981,8.98E-06,357.7329797,9.79E-06
Chr3R,13400001,13500000,328.8196147,1.80E-05,358.712307,1.96E-05
Chr3R,13500001,13600000,330.615048,2.99E-06,360.6709615,3.26E-06
Chr3R,13600001,13700000,330.9142869,1.08E-05,360.9974039,1.18E-05
Chr3R,13700001,13800000,331.9915469,2.39E-05,362.1725966,2.61E-05
Chr3R,13800001,13900000,334.385458,1.14E-05,364.784136,1.24E-05
Chr3R,13900001,14000000,335.5225657,4.61E-05,366.0246171,5.03E-05
Chr3R,14000001,14100000,340.1308445,2.09E-05,371.0518304,2.29E-05
Chr3R,14100001,14200000,342.2255167,8.38E-06,373.3369273,9.14E-06
Chr3R,14200001,14300000,343.0633856,2.57E-05,374.2509661,2.81E-05
Chr3R,14300001,14400000,345.63684,1.62E-05,377.0583709,1.76E-05
Chr3R,14400001,14500000,347.2527299,7.78E-06,378.8211599,8.49E-06
Chr3R,14500001,14600000,348.030751,2.27E-05,379.6699102,2.48E-05
Chr3R,14600001,14700000,350.3049666,4.91E-05,382.1508726,5.35E-05
Chr3R,14700001,14800000,355.2124842,2.09E-05,387.5045283,2.29E-05
Chr3R,14800001,14900000,357.3071564,1.62E-05,389.7896252,1.76E-05
Chr3R,14900001,15000000,358.9230464,3.95E-05,391.5524143,4.31E-05
Chr3R,15000001,15100000,362.8729997,8.14E-05,395.8614542,8.88E-05
Chr3R,15100001,15200000,371.0122973,2.45E-05,404.7406879,2.68E-05
Chr3R,15200001,15300000,373.4660561,1.44E-05,407.4175158,1.57E-05
Chr3R,15300001,15400000,374.9024028,2.93E-05,408.9844394,3.20E-05
Chr3R,15400001,15500000,377.8349438,7.78E-06,412.1835751,8.49E-06
Chr3R,15500001,15600000,378.6129649,2.39E-05,413.0323254,2.61E-05
Chr3R,15600001,15700000,381.006876,8.38E-06,415.6438647,9.14E-06
Chr3R,15700001,15800000,381.8447449,3.23E-05,416.5579035,3.53E-05
Chr3R,15800001,15900000,385.0765248,2.27E-05,420.0834816,2.48E-05
Chr3R,15900001,16000000,387.3507403,2.87E-05,422.564444,3.13E-05
Chr3R,16000001,16100000,390.2234336,7.18E-05,425.6982912,7.83E-05
Chr3R,16100001,16200000,397.4051668,6.58E-06,433.5329092,7.18E-06
Chr3R,16200001,16300000,398.0634923,1.20E-05,434.2510826,1.31E-05
Chr3R,16300001,16400000,399.2604479,3.59E-06,435.5568522,3.92E-06
Chr3R,16400001,16500000,399.6195345,8.38E-06,435.9485831,9.14E-06
Chr3R,16500001,16600000,400.4574034,7.18E-06,436.8626219,7.83E-06
Chr3R,16600001,16700000,401.1755767,1.44E-05,437.6460837,1.57E-05
Chr3R,16700001,16800000,402.6119234,5.98E-06,439.2130073,6.53E-06
Chr3R,16800001,16900000,403.2104011,1.74E-05,439.8658922,1.89E-05
Chr3R,16900001,17000000,404.9459867,1.97E-05,441.7592582,2.15E-05
Chr3R,17000001,17100000,406.9209633,2.39E-06,443.9137781,2.61E-06
Chr3R,17100001,17200000,407.1603544,5.98E-07,444.1749321,6.53E-07
Chr3R,17200001,17300000,407.2202022,1.56E-05,444.2402206,1.70E-05
Chr3R,17300001,17400000,408.7762444,5.39E-06,445.9377211,5.88E-06
Chr3R,17400001,17500000,409.3148744,1.56E-05,446.5253175,1.70E-05
Chr3R,17500001,17600000,410.8709166,3.11E-05,448.2228181,3.40E-05
Chr3R,17600001,17700000,413.9830009,1.92E-05,451.6178192,2.09E-05
Chr3R,17700001,17800000,415.8981298,1.68E-05,453.7070507,1.83E-05
Chr3R,17800001,17900000,417.5738675,2.21E-05,455.5351282,2.42E-05
Chr3R,17900001,18000000,419.7882353,2.09E-05,457.9508021,2.29E-05
Chr3R,18000001,18100000,421.8829075,1.20E-05,460.2358991,1.31E-05
Chr3R,18100001,18200000,423.079863,1.08E-05,461.5416687,1.18E-05
Chr3R,18200001,18300000,424.157123,1.92E-05,462.7168614,2.09E-05
Chr3R,18300001,18400000,426.0722518,1.38E-05,464.8060929,1.50E-05
Chr3R,18400001,18500000,427.4487507,2.69E-05,466.307728,2.94E-05
Chr3R,18500001,18600000,430.1419006,2.63E-05,469.2457098,2.87E-05
Chr3R,18600001,18700000,432.7752028,1.08E-05,472.1184031,1.18E-05
Chr3R,18700001,18800000,433.8524628,1.62E-05,473.2935958,1.76E-05
Chr3R,18800001,18900000,435.4683528,1.74E-05,475.0563848,1.89E-05
Chr3R,18900001,19000000,437.2039383,1.80E-05,476.9497509,1.96E-05
Chr3R,19000001,19100000,438.9993716,2.09E-05,478.9084054,2.29E-05
Chr3R,19100001,19200000,441.0940438,3.47E-05,481.1935023,3.79E-05
Chr3R,19200001,19300000,444.5652148,8.98E-06,484.9802344,9.79E-06
Chr3R,19300001,19400000,445.4629315,2.93E-05,485.9595616,3.20E-05
Chr3R,19400001,19500000,448.3954725,1.62E-05,489.1586973,1.76E-05
Chr3R,19500001,19600000,450.0113625,1.14E-05,490.9214864,1.24E-05
Chr3R,19600001,19700000,451.1484703,1.44E-05,492.1619676,1.57E-05
Chr3R,19700001,19800000,452.5848169,7.78E-06,493.7288912,8.49E-06
Chr3R,19800001,19900000,453.362838,1.02E-05,494.5776415,1.11E-05
Chr3R,19900001,20000000,454.3802502,5.98E-06,495.6875457,6.53E-06
Chr3R,20000001,20100000,454.978728,7.78E-06,496.3404305,8.49E-06
Chr3R,20100001,20200000,455.7567491,1.50E-05,497.1891808,1.63E-05
Chr3R,20200001,20300000,457.2529435,3.23E-05,498.8213929,3.53E-05
Chr3R,20300001,20400000,460.4847234,1.44E-05,502.346971,1.57E-05
Chr3R,20400001,20500000,461.9210701,2.03E-05,503.9138946,2.22E-05
Chr3R,20500001,20600000,463.9558945,1.68E-05,506.1337031,1.83E-05
Chr3R,20600001,20700000,465.6316322,1.62E-05,507.9617806,1.76E-05
Chr3R,20700001,20800000,467.2475222,1.14E-05,509.7245697,1.24E-05
Chr3R,20800001,20900000,468.3846299,1.68E-05,510.9650508,1.83E-05
Chr3R,20900001,21000000,470.0603677,1.32E-05,512.7931284,1.44E-05
Chr3R,21000001,21100000,471.3770188,6.58E-06,514.229475,7.18E-06
Chr3R,21100001,21200000,472.0353443,8.98E-06,514.9476483,9.79E-06
Chr3R,21200001,21300000,472.933061,1.44E-05,515.9269756,1.57E-05
Chr3R,21300001,21400000,474.3694076,1.56E-05,517.4938992,1.70E-05
Chr3R,21400001,21500000,475.9254498,2.39E-06,519.1913998,2.61E-06
Chr3R,21500001,21600000,476.1648409,1.20E-05,519.4525537,1.31E-05
Chr3R,21600001,21700000,477.3617964,1.32E-05,520.7583234,1.44E-05
Chr3R,21700001,21800000,478.6784475,1.50E-05,522.19467,1.63E-05
Chr3R,21800001,21900000,480.1746419,4.19E-06,523.8268821,4.57E-06
Chr3R,21900001,22000000,480.5935764,6.58E-06,524.2839015,7.18E-06
Chr3R,22000001,22100000,481.2519019,1.38E-05,525.0020748,1.50E-05
Chr3R,22100001,22200000,482.6284008,5.39E-06,526.50371,5.88E-06
Chr3R,22200001,22300000,483.1670308,4.79E-06,527.0913063,5.22E-06
Chr3R,22300001,22400000,483.645813,8.98E-06,527.6136142,9.79E-06
Chr3R,22400001,22500000,484.5435296,2.03E-05,528.5929414,2.22E-05
Chr3R,22500001,22600000,486.5783541,1.97E-05,530.8127499,2.15E-05
Chr3R,22600001,22700000,488.5533307,1.86E-05,532.9672698,2.02E-05
Chr3R,22700001,22800000,490.4086118,1.80E-06,534.9912128,1.96E-06
Chr3R,22800001,22900000,490.5881551,1.56E-05,535.1870783,1.70E-05
Chr3R,22900001,23000000,492.1441973,2.33E-05,536.8845789,2.55E-05
Chr3R,23000001,23100000,494.4782606,1.02E-05,539.4308297,1.11E-05
Chr3R,23100001,23200000,495.4956728,2.87E-05,540.5407339,3.13E-05
Chr3R,23200001,23300000,498.3683661,1.38E-05,543.6745812,1.50E-05
Chr3R,23300001,23400000,499.7448649,8.38E-06,545.1762163,9.14E-06
Chr3R,23400001,23500000,500.5827338,1.97E-05,546.0902551,2.15E-05
Chr3R,23500001,23600000,502.5577104,2.39E-05,548.244775,2.61E-05
Chr3R,23600001,23700000,504.9516215,2.69E-05,550.8563144,2.94E-05
Chr3R,23700001,23800000,507.6447714,7.78E-06,553.7942961,8.49E-06
Chr3R,23800001,23900000,508.4227925,3.47E-05,554.6430464,3.79E-05
Chr3R,23900001,24000000,511.8939636,5.39E-06,558.4297785,5.88E-06
Chr3R,24000001,24100000,512.4325936,8.98E-06,559.0173748,9.79E-06
Chr3R,24100001,24200000,513.3303102,9.58E-06,559.9967021,1.04E-05
Chr3R,24200001,24300000,514.2878747,4.19E-06,561.0413178,4.57E-06
Chr3R,24300001,24400000,514.7068091,4.79E-06,561.4983372,5.22E-06
Chr3R,24400001,24500000,515.1855913,1.74E-05,562.0206451,1.89E-05
Chr3R,24500001,24600000,516.9211768,9.58E-06,563.9140111,1.04E-05
Chr3R,24600001,24700000,517.8787413,1.20E-05,564.9586268,1.31E-05
Chr3R,24700001,24800000,519.0756968,6.58E-06,566.2643965,7.18E-06
Chr3R,24800001,24900000,519.7340223,8.98E-06,566.9825698,9.79E-06
Chr3R,24900001,25000000,520.631739,4.79E-06,567.9618971,5.22E-06
Chr3R,25000001,25100000,521.1105212,4.13E-05,568.4842049,4.50E-05
Chr3R,25100001,25200000,525.2400178,1.62E-05,572.9891103,1.76E-05
Chr3R,25200001,25300000,526.8559078,2.81E-05,574.7518994,3.07E-05
Chr3R,25300001,25400000,529.6687533,9.58E-06,577.8204581,1.04E-05
Chr3R,25400001,25500000,530.6263177,8.98E-06,578.8650738,9.79E-06
Chr3R,25500001,25600000,531.5240343,1.32E-05,579.8444011,1.44E-05
Chr3R,25600001,25700000,532.8406854,1.32E-05,581.2807477,1.44E-05
Chr3R,25700001,25800000,534.1573365,1.14E-05,582.7170944,1.24E-05
Chr3R,25800001,25900000,535.2944443,7.18E-06,583.9575756,7.83E-06
Chr3R,25900001,26000000,536.0126176,1.56E-05,584.7410374,1.70E-05
Chr3R,26000001,26100000,537.5686598,2.03E-05,586.4385379,2.22E-05
Chr3R,26100001,26200000,539.6034842,7.18E-06,588.6583464,7.83E-06
Chr3R,26200001,26300000,540.3216575,3.59E-06,589.4418082,3.92E-06
Chr3R,26300001,26400000,540.6807442,5.98E-06,589.8335391,6.53E-06
Chr3R,26400001,26500000,541.2792219,7.78E-06,590.4864239,8.49E-06
Chr3R,26500001,26600000,542.057243,3.59E-06,591.3351742,3.92E-06
Chr3R,26600001,26700000,542.4163297,4.19E-06,591.7269051,4.57E-06
Chr3R,26700001,26800000,542.8352641,5.39E-06,592.1839245,5.88E-06
Chr3R,26800001,26900000,543.3738941,8.98E-06,592.7715209,9.79E-06
Chr3R,26900001,27000000,544.2716108,2.99E-06,593.7508481,3.26E-06
Chr3R,27000001,27100000,544.5708497,5.98E-07,594.0772905,6.53E-07
Chr3R,27100001,27200000,544.6306974,5.50E-10,594.142579,6.00E-10
Chr3R,27200001,27300000,544.6307524,1.20E-06,594.142639,1.31E-06
Chr3R,27300001,27400000,544.750448,5.50E-10,594.273216,6.00E-10
Chr3R,27400001,27500000,544.750503,5.50E-10,594.273276,6.00E-10
Chr3R,27500001,27600000,544.750558,5.50E-10,594.273336,6.00E-10
Chr3R,27600001,27700000,544.750613,5.50E-10,594.273396,6.00E-10
Chr3R,27700001,27800000,544.750668,5.50E-10,594.273456,6.00E-10
Chr3R,27800001,27900000,544.750723,5.50E-10,594.273516,6.00E-10
Chr3R,27900001,28000000,544.750778,5.50E-10,594.273576,6.00E-10